datetime,open,high,low,close,volume,openinterest
2000-01-03,99.66748258225907,100.21906880910186,99.44914221510432,100.0,6225139,0
2000-01-04,99.33909317780041,99.77009488722422,99.30261450928955,99.73347139765764,1384974,0
2000-01-05,101.17321207700572,101.28250520233014,100.92622505098925,101.03536927058252,3353770,0
2000-01-06,104.33805935278333,104.69161997821362,103.77023837379353,104.12307048655573,9143474,0
2000-01-07,103.16037582344202,104.47771431622837,102.33242542008236,103.64586742678473,3841145,0
2000-01-10,103.62092949044046,104.21369161183719,102.58069780294505,103.1708854535341,30359267,0
2000-01-11,105.96289745989178,106.98546062256376,105.41965988312663,106.43977823198877,5094224,0
2000-01-12,108.1287686437082,108.44611449435006,107.76691900485046,108.0841338573832,2936864,0
2000-01-13,107.30394981074262,108.30375835420254,106.08236492412652,107.08008762332881,2243020,0
2000-01-14,108.65432742503037,109.08570144786285,107.82296349930746,108.25274317225318,3157920,0
2000-01-17,107.48987388211165,107.58348978730086,107.16682780301532,107.2602437169403,3330323,0
2000-01-18,106.59253612227536,107.25028297136669,105.61611579159329,106.27188400382846,1355942,0
2000-01-19,106.62532488559947,106.91836266788813,106.50394432871049,106.7967869213722,3306799,0
2000-01-20,103.04421389555954,103.39994636924509,102.36620689458013,102.72082294787253,4120331,0
2000-01-21,98.7709222969733,99.690684130893,98.26974684525676,99.18739544470333,7413957,0
2000-01-24,98.46912106276272,99.32996029895293,97.22442360840769,98.08187747391881,6346182,0
2000-01-25,96.15061669982764,96.62516478052557,95.63055576531197,96.10487810473795,7168135,0
2000-01-26,97.02538827639299,97.70675757084022,96.03928846136999,96.71850262442457,1041994,0
2000-01-27,94.92643575079133,95.91461512347536,93.98399011199584,94.97171989606024,2227376,0
2000-01-28,92.43115909576268,92.5526960133692,92.17727616953701,92.29863883742215,6418878,0
2000-01-31,95.03850249919353,95.29960322694046,94.75238462060632,95.01341642900995,4308139,0
2000-02-01,94.81295173693158,95.18706096105346,94.22063738928505,94.59388221749428,1026638,0
2000-02-02,94.33477020021449,95.13069916627522,93.93683955735014,94.7310967065282,9160837,0
2000-02-03,91.6365533874848,92.41951942569531,91.25990784041527,92.0412106519861,8409833,0
2000-02-04,90.81804366166037,91.87466627802131,89.99376910508053,91.04830187258482,4975004,0
2000-02-07,90.94869551315233,91.91101482837817,90.29929213747167,91.25939297141994,1343875,0
2000-02-08,89.49925040874254,90.04332101854939,88.62568406978431,89.16773940692583,8273188,0
2000-02-09,89.59438218936481,90.12462009176078,89.31720161413321,89.84665904077742,5381908,0
2000-02-10,89.19879185404572,89.93360292418092,88.04500519470477,88.77633611508482,8615383,0
2000-02-11,88.12333601438313,89.11030986341277,87.28170483070653,88.26730370120998,7966534,0
2000-02-14,86.93667263096661,87.93010915724469,86.2227501684148,87.21391002596654,9122810,0
2000-02-15,90.71556237224279,90.71698216621894,90.45210418277017,90.4535198755056,4649139,0
2000-02-16,90.58168017034525,91.15814322408448,89.86259818601772,90.43814779777122,1756001,0
2000-02-17,88.53244586097036,88.57931548687662,88.48717445707932,88.53404326614637,6560881,0
2000-02-18,90.0491880493883,90.28116125965542,89.76751635447884,89.99936120720282,5844158,0
2000-02-21,88.00334113332461,88.05572485843025,87.7585890204994,87.81085817069831,7778887,0
2000-02-22,87.94698296559139,88.71891485657918,87.41596308143897,88.18644908687509,1930931,0
2000-02-23,85.15952884265002,85.74422557806147,84.15713171973297,84.7389407396519,2084410,0
2000-02-24,82.88812047911378,82.98301713048754,82.40198483825476,82.49643305594914,12055023,0
2000-02-25,82.95400369345955,83.27241341467763,82.51155790650299,82.82948969457851,7931027,0
2000-02-28,83.80854089574663,84.44462631147346,83.4261757345573,84.06110884309838,12942266,0
2000-02-29,84.50965937021567,84.82154482180131,84.04629875156155,84.35762310873,8108889,0
2000-03-01,83.81085795510032,84.27281047033718,83.70942586385351,84.17094258666329,5546020,0
2000-03-02,83.27976137078805,84.02302003281952,82.93086265085174,83.67247604344038,6308501,0
2000-03-03,81.00983385964933,81.81661761268597,80.40130577112957,81.20661137467036,11996891,0
2000-03-06,80.01569117595453,80.1024483763012,79.95887390239035,80.0456098581795,5323317,0
2000-03-07,79.60827184677578,79.67210177035288,79.25257647421638,79.31617219224935,6003681,0
2000-03-08,81.18505089258738,81.47307214641673,80.71367313831553,81.00104157992925,1850838,0
2000-03-09,81.7637760123899,82.53376651388908,80.79768426220777,81.56581047130642,4211521,0
2000-03-10,78.63925589454594,79.22404364227657,78.11349534004857,78.69789106904116,7300901,0
2000-03-13,79.09381144310207,79.75346956778732,78.55702550725049,79.21585535656115,2580014,0
2000-03-14,78.51230331758867,78.89820313731109,78.22815159661506,78.61368449758014,2129826,0
2000-03-15,77.93544675347613,78.39811894330471,77.09681229483735,77.55723921479942,2883126,0
2000-03-16,78.15271570440434,78.52174780073288,78.14479790895365,78.51379342383395,2382066,0
2000-03-17,80.43473971134244,80.94638191058611,79.63082729530215,80.14059847376271,2209801,0
2000-03-20,81.70551106563919,82.45171683365213,80.89566030636287,81.64127945546386,3765629,0
2000-03-21,80.22986871834625,80.7709164963107,79.73840182888978,80.27914773666257,12921064,0
2000-03-22,79.97044421689597,80.66914486320779,79.09357922448449,79.79070953137695,4536835,0
2000-03-23,80.31661500445384,80.90887166522283,79.73514435275915,80.32732348699986,2040784,0
2000-03-24,82.2084581956565,82.30756741100707,81.80387430400366,81.90261479939903,1400476,0
2000-03-27,81.45096556424377,82.18602249679455,80.39376929956074,81.1258926003982,6956206,0
2000-03-28,80.76949504235185,80.88647858564627,80.71582868477896,80.83277018563567,3412800,0
2000-03-29,78.87586830934168,79.4744045691144,78.45469682888019,79.05229104861102,9625112,0
2000-03-30,77.24020456224184,77.3499915674188,77.05925308363057,77.16893879369385,6386858,0
2000-03-31,78.75411021726548,78.7633296543832,78.42150922104076,78.43069079670589,8954097,0
2000-04-03,80.33284295412682,80.9059666263282,79.99381083472588,80.56595071232464,2586900,0
2000-04-04,80.55691245360279,80.79458813817024,80.22059224743428,80.45797602927527,6894107,0
2000-04-05,82.1888521121576,82.58829033926928,81.68195292799798,82.08086634374192,2533046,0
2000-04-06,82.87548663492973,83.35384384991725,82.20549769966298,82.68274239511662,14990023,0
2000-04-07,81.3234753107411,81.65990692983594,81.28790517707078,81.6242052596758,6058150,0
2000-04-10,82.39979659871204,82.50115106370372,82.12120407403108,82.22234026188106,2961597,0
2000-04-11,85.10647688603524,85.58191774804591,84.28627773761914,84.75978181397086,2570211,0
2000-04-12,84.43619313428252,84.99821422068871,84.14643568518385,84.70752564698789,2059328,0
2000-04-13,87.13743841528017,88.00379334388533,86.50205531662623,87.36673825161782,6931335,0
2000-04-14,83.18820848333708,83.73083821988713,82.25781942156812,82.79790322954366,2234080,0
2000-04-17,83.89870627310076,84.87894077721356,83.18925515236333,84.1672191002942,5523086,0
2000-04-18,84.6209912022583,85.20698549619034,83.73824106454364,84.32216601549304,2536941,0
2000-04-19,83.81986609292406,84.18673476679477,83.45949843956377,83.82633928317787,6423087,0
2000-04-20,83.77626433277644,84.55377630113286,83.21247803632792,83.98856131684124,9435368,0
2000-04-21,80.95733966414566,81.18028093675875,80.43618132866918,80.65829909986483,8525958,0
2000-04-24,80.26807127076277,80.55800420324795,80.02219933325152,80.31199771311422,8153349,0
2000-04-25,80.90562368997622,81.54395705443149,80.25539859906284,80.89363739341704,2039565,0
2000-04-26,83.17552282874942,83.6646064430208,82.80421106197282,83.29277125638059,1462687,0
2000-04-27,82.51436385741725,83.17314231655865,81.77957059111158,82.437737278713,7002375,0
2000-04-28,80.84004759621753,81.78006462899401,80.17520095790215,81.11297338790429,3297077,0
2000-05-01,80.21963530651581,80.99578805403897,79.5317019267179,80.30710457077376,3831217,0
2000-05-02,82.16931190392674,82.92250476988639,81.03572734830013,81.78540115304301,1158222,0
2000-05-03,82.13218858206328,82.68615634411698,81.77821098799048,82.33132052081882,2502664,0
2000-05-04,81.59492553936053,81.85510468233939,81.20746452512643,81.46723651016053,1171282,0
2000-05-05,82.16778383874549,82.79089034860503,81.68940403113216,82.31167282113971,11567506,0
2000-05-08,82.70527615624376,83.01225533406367,82.17357433619824,82.4797162980261,2394580,0
2000-05-09,83.77545258328927,84.59125378533767,83.27189997969114,84.08583554990904,5074734,0
2000-05-10,83.30313520718654,83.89091035234752,82.32856314625367,82.91358971348251,1198796,0
2000-05-11,82.34046068102907,82.9456260988293,81.77362481745132,82.37852817670093,6495773,0
2000-05-12,81.5249858737375,82.04690248090729,81.21963168550468,81.74074017869636,2950621,0
2000-05-15,79.01788098599246,79.4887524964881,78.88603159040116,79.35633835025611,12409952,0
2000-05-16,79.57060808787816,80.17796428941679,79.22803327526707,79.8342544020733,11951561,0
2000-05-17,80.27493127316923,80.38939862433054,80.14461616683667,80.25906088775774,2967366,0
2000-05-18,80.14444863774237,80.9898228375705,79.43108527655342,80.27529481840679,12561202,0
2000-05-19,80.16949113802809,80.44677933826277,79.63031208713842,79.90669132204273,28808386,0
2000-05-22,77.59906240661148,77.77267234202236,77.47920309097056,77.65273013134947,9726736,0
2000-05-23,76.81370212133226,77.02680685974283,76.7941547548417,77.00721024976835,10317502,0
2000-05-24,76.57668197521558,77.07123133008692,75.99311050122759,76.48708119419683,2431806,0
2000-05-25,75.42308891416329,75.90346031535354,74.78807281743887,75.267452969692,5298398,0
2000-05-26,74.78236267761335,75.2877511806767,74.52765083446546,75.03218842063887,1348122,0
2000-05-29,75.3945951790358,75.70027523542714,75.34052829074388,75.64602803988153,1498648,0
2000-05-30,78.14349558965773,78.82883042223447,77.8233972522413,78.50724207411355,35028756,0
2000-05-31,78.97546451944271,79.2212499818348,78.54399945961492,78.78920525057613,2977370,0
2000-06-01,79.33266596508689,79.86984382038852,78.66662861039399,79.20292798304162,7895281,0
2000-06-02,79.07285640418854,79.57205009249103,78.59384944814245,79.09292158573874,9216655,0
2000-06-05,76.32740179168343,76.60568671151205,75.78827602200387,76.06560645244491,10760460,0
2000-06-06,76.26528694460525,76.43146332633876,75.86720715472299,76.03287713278117,31220735,0
2000-06-07,76.19705198793939,76.94990626673051,75.37985771071612,76.13206994353699,2382039,0
2000-06-08,80.18453066195131,80.54856973110506,79.52761422951289,79.89031756644326,1205937,0
2000-06-09,79.35682724846384,80.13875503685566,78.81063465218003,79.59095102692487,3648271,0
2000-06-12,79.76814834383119,80.19147221408976,79.65603184415163,80.07891891714704,1696773,0
2000-06-13,79.84706073362854,80.41995709967168,79.45933163122525,80.03133318920482,1113405,0
2000-06-14,77.82249956283651,78.19024419533353,77.80106979913647,78.16871909413103,3234771,0
2000-06-15,79.98812002801373,80.39242407441567,79.55901781127773,79.96319587728422,8656329,0
2000-06-16,81.52814069711728,82.31408616513691,80.39120266217024,81.17373156445862,5175635,0
2000-06-19,82.0861839614855,82.78290941011966,81.7708033322716,82.46606923617874,2875489,0
2000-06-20,80.66844927210725,81.00602047114486,80.63699179348512,80.97444366691005,6311527,0
2000-06-21,83.21455450069841,83.28012293221245,83.18879477719271,83.25435088941987,2319946,0
2000-06-22,81.27960074243954,81.59495483185788,80.6144805613556,80.92847231898051,1072429,0
2000-06-23,81.73589091763279,82.01747284181337,81.60509311012422,81.88643412762866,8227109,0
2000-06-26,85.48817923607423,85.50814251803864,85.46203293952543,85.48199477728907,5887415,0
2000-06-27,83.41293398756929,84.43076750372771,82.78215402496002,83.79708255733607,8183784,0
2000-06-28,82.5650102187912,83.23629588166524,82.18643064965235,82.8563803136007,1198581,0
2000-06-29,83.43384900232157,83.67517704861633,82.78964162120833,83.02980097972147,10073696,0
2000-06-30,82.58437132297718,83.32769936105518,81.46214760586597,82.20203429263138,5831689,0
2000-07-03,79.26653145500548,79.75341806711285,79.1744721295866,79.66090072532408,5143635,0
2000-07-04,80.13854945163818,80.90460893509805,79.01548867802124,79.77810258198573,5899002,0
2000-07-05,78.19974920144676,78.44527038701187,77.84592880813189,78.09110889930662,10991455,0
2000-07-06,79.12864674967634,79.83162855324863,78.13818028582745,78.83858517168893,5420769,0
2000-07-07,77.3617170348269,77.86340508636107,76.8952700728432,77.39674691421497,5348829,0
2000-07-10,79.81613041187808,80.47597623625394,79.14394127580209,79.80368420648193,24377511,0
2000-07-11,78.55277230928549,79.33459044874981,77.77980268969537,78.56153460699682,8067920,0
2000-07-12,78.19361766388234,78.41913230925216,77.8382188525371,78.06335782143803,3919614,0
2000-07-13,79.05537655621036,80.10385908451752,78.29554727900603,79.34128186988876,7144692,0
2000-07-14,77.03226707416557,77.6974925426093,76.73224034067881,77.39604894460027,3465177,0
2000-07-17,77.60653279277068,78.05563672258481,77.30735037000099,77.75587855412587,2299526,0
2000-07-18,79.95974271754272,80.23191537034832,79.52479810141836,79.79641480707909,5542256,0
2000-07-19,77.00868115680724,77.65714410924988,76.59175029870624,77.23896646895034,14168107,0
2000-07-20,77.66637441002851,77.786093276398,77.41239733925836,77.53190893376141,14235212,0
2000-07-21,78.30890819145044,78.74251361016496,77.51106892280117,77.9426463073972,3092032,0
2000-07-24,78.84768193990429,79.59805074175434,78.4205602523621,79.16918744342739,4750465,0
2000-07-25,77.35181753843715,77.94116243834532,76.6302072775676,77.21853670841598,2188976,0
2000-07-26,75.14469149948157,75.81378027670766,74.51824780739803,75.18698401310044,28166230,0
2000-07-27,76.25907910886602,76.59495562662893,75.64472240472473,75.97936695449796,20847706,0
2000-07-28,76.19147796028719,76.66935731284732,75.96112578924092,76.43825904054233,6242100,0
2000-07-31,76.97683991339827,77.17646772214562,76.6296036010273,76.82884761409723,9158777,0
2000-08-01,77.6304708279692,77.78155822874666,77.21829656011619,77.36887483273104,7278088,0
2000-08-02,76.66370571199141,76.70790048475854,76.2803576225687,76.32435676887492,5496654,0
2000-08-03,76.82704802399786,77.09014069715441,76.42391004254648,76.68652148541193,1274118,0
2000-08-04,77.14150481683421,77.35216333443545,76.93303168039176,77.14368430796851,4032685,0
2000-08-07,76.13886660689427,76.87468585118492,75.31429154853657,76.0492446708558,6616363,0
2000-08-08,79.18571079090847,79.62733648911819,78.45466193426729,78.89466444129677,6658750,0
2000-08-09,79.70645250634661,79.98325471452691,79.37360479692109,79.6502116936724,3335021,0
2000-08-10,77.39525218079588,78.21179927465047,76.94599781717899,77.7604251999697,15210078,0
2000-08-11,79.1288203680096,79.23896507577564,78.67960692058928,78.78927899796851,1915751,0
2000-08-14,77.40769937706597,77.75142342755106,76.91819477107911,77.26126860487338,4469331,0
2000-08-15,78.62375474675287,79.11612368376696,77.99371646012152,78.48521783142398,6870192,0
2000-08-16,80.08337270882996,80.70436113343071,79.69184683603021,80.31171888114554,6972353,0
2000-08-17,79.12706387152903,79.44497963974504,78.68413045264485,79.00154190018986,6229704,0
2000-08-18,80.44613334846821,81.33196811643761,79.64662074825236,80.53160604718263,2609906,0
2000-08-21,81.32730540657555,82.04324168172758,80.48964224923994,81.20449742762416,1849237,0
2000-08-22,82.2229690462728,83.0623249096657,81.71038615826274,82.54771752031941,6052187,0
2000-08-23,85.82274459965144,86.31139987814714,85.19960574394862,85.68749091860428,5572737,0
2000-08-24,85.70140350917603,86.23331825141248,84.74625434068567,85.27552582846556,1988329,0
2000-08-25,83.61905309669746,84.16764767439476,83.45071781836734,83.99854842601809,7106258,0
2000-08-28,82.90631864056856,83.23391279706843,82.18655147751622,82.51258986300986,4036425,0
2000-08-29,81.09898169021902,81.20657983076494,81.06698041086479,81.17454873300859,6509497,0
2000-08-30,81.35801570782253,81.74491052769899,80.67202656599565,81.05749225851723,10081298,0
2000-08-31,81.84913571707644,82.29359664577704,81.17544710912027,81.61865647889664,1930012,0
2000-09-01,82.13348689959341,82.32054569925958,81.89154744676428,82.07848097057229,1096652,0
2000-09-04,83.64354062184056,84.4498884822257,82.64013800585623,83.44456770997293,8550284,0
2000-09-05,83.79057530372368,84.55261255435424,82.71544721378893,83.4746109116872,5704165,0
2000-09-06,85.82726951601495,86.53001272887857,85.20747369502854,85.90962220353006,7013860,0
2000-09-07,85.31565831213119,85.91933257897908,84.86059599845113,85.46348179460931,10105580,0
2000-09-08,90.27256842815866,91.05791193310549,89.33750118040568,90.12153070373056,9117961,0
2000-09-11,91.5391997036312,91.65879781356122,91.13903377669513,91.25826483863943,17210741,0
2000-09-12,89.9382139070241,90.64918429675502,88.99382594098101,89.70293643928574,4838654,0
2000-09-13,88.05211527513363,88.16202264213508,87.68108167942395,87.79066269919198,4351995,0
2000-09-14,88.58947004282284,89.35061376337961,87.88588302584672,88.64657322682748,3569879,0
2000-09-15,88.53977178803159,88.78393576362674,88.0158632832604,88.259253680893,1834353,0
2000-09-18,89.18840177900418,90.31366798313107,88.40613870763987,89.52842262098822,5250259,0
2000-09-19,90.42495117975187,91.2786007822098,89.53146983397373,90.38473982430978,2621816,0
2000-09-20,89.81601311197558,90.39643225701555,89.6823705045846,90.26212585184862,13711037,0
2000-09-21,88.58681714950977,89.15307386640558,88.1769475572551,88.7424840414169,5375633,0
2000-09-22,85.94780532498729,86.90699671653788,85.10466820294133,86.06273217658364,5492747,0
2000-09-25,85.21420494246445,85.7151324605791,84.80227313926717,85.30277251514961,3191940,0
2000-09-26,86.94197814430645,87.69276344259674,86.02304600088868,86.77236662308961,1266947,0
2000-09-27,87.05546777327395,87.66568705998814,86.5429447927538,87.15259227689944,1161292,0
2000-09-28,84.94631500961415,85.30891284828338,84.62748608370748,84.98992025883496,3752470,0
2000-09-29,85.06893597411437,85.53654468576431,84.82582294423952,85.29279191242969,1441781,0
2000-10-02,85.84966608630391,86.1333048521221,85.67519974119624,85.95861709341001,5667781,0
2000-10-03,84.21739514322444,85.09103082177678,83.57582855019794,84.44770969664783,11642024,0
2000-10-04,84.35421868879833,85.04324997067927,84.02815546435204,84.71578913001697,11724267,0
2000-10-05,84.91063274032349,85.34475997032416,84.38920606368423,84.82288465927796,6380029,0
2000-10-06,83.0318017618681,83.44058847844583,82.48426595316297,82.89236619290654,2186414,0
2000-10-09,83.59357929254051,84.07614749558171,83.01181997857802,83.49381224738949,10938756,0
2000-10-10,84.40777726852775,85.16948363208382,83.6771628393617,84.43860238773082,11861883,0
2000-10-11,86.17235680578467,87.12221630489358,85.32723059929725,86.2760729137299,2094846,0
2000-10-12,88.42316663268474,88.78356549660047,87.74396442056077,88.10305857458131,7686113,0
2000-10-13,85.70068127997934,86.40987063394518,84.97527712621337,85.68433118000817,2688001,0
2000-10-16,84.06825631024482,84.72862040409659,83.42553112427143,84.08576138694633,9113636,0
2000-10-17,84.5572966309686,85.4475846048653,84.07233605422182,84.96031261477242,30458819,0
2000-10-18,85.70556116520783,86.6625253763133,84.88617559577128,85.84183694616547,1152430,0
2000-10-19,86.63076198061978,86.90855483734403,86.45708938024057,86.73467392000775,12382923,0
2000-10-20,93.33212908625029,93.52873747570169,93.23015047243904,93.42665557826541,5872652,0
2000-10-23,94.57849114060348,95.38615548386453,93.69570872779101,94.50272606613184,19130954,0
2000-10-24,96.69093701450392,97.11555508710457,96.2339818731772,96.65845731122043,4127531,0
2000-10-25,98.61866979576799,99.45393921337144,97.67800084071857,98.5123699315803,10399280,0
2000-10-26,100.06999147658524,100.96370676880251,98.91426884292629,99.80562308695009,1322127,0
2000-10-27,99.49672972613588,99.55887298925249,99.12434141080719,99.18629078122916,3041939,0
2000-10-30,100.92145010205192,101.81305555199812,99.81213136073447,100.70179624626424,1346839,0
2000-10-31,99.60704488027154,100.05360224296017,98.71083626790733,99.15536868012211,19513499,0
2000-11-01,98.22016401982587,99.19942214178879,97.71881639191544,98.69564749175775,9490632,0
2000-11-02,97.4500823976737,98.35992987598064,96.83946747931572,97.74745166406913,10571243,0
2000-11-03,97.43510510992087,98.82437488702283,96.53248324333337,97.91728617887956,14900301,0
2000-11-06,102.611082175142,102.63069740650602,102.4403932666292,102.45997961308476,1444721,0
2000-11-07,99.03645910402399,99.50870799051478,98.17344989598907,98.64382653974259,3435525,0
2000-11-08,99.75106035353102,100.69537183843435,99.06505032392157,100.00759754600524,1368420,0
2000-11-09,97.20525645113868,97.90776560275947,96.09239955847949,96.79192150972004,2183633,0
2000-11-10,95.46636598070599,96.55207247435327,94.8052304350797,95.88801685964248,2302707,0
2000-11-13,98.41163820172699,98.54393801489613,97.8542243840823,97.98595192535493,4165975,0
2000-11-14,97.9761309244686,98.41549340256431,97.68279471082349,98.12172129776444,2563715,0
2000-11-15,95.63382812540544,96.36095621542376,95.290774736369,96.0165300152922,1532239,0
2000-11-16,94.63913933204854,95.41393209195894,93.87782688223389,94.65251206688954,1916556,0
2000-11-17,95.71512079012953,96.21595588903936,95.44830544153352,95.94849000072965,1796594,0
2000-11-20,94.35311661434527,94.75576864993538,94.15430991407543,94.55653334052616,19073834,0
2000-11-21,94.79231345878075,95.88467998662479,93.88472633136928,94.97534047071325,8120864,0
2000-11-22,95.35949299454343,95.3679449782903,95.0629755755523,95.07140202497514,18172964,0
2000-11-23,93.87868769401558,94.81542881886703,92.90556356437001,93.84193799304072,3896775,0
2000-11-24,97.69047666214563,98.53759947880334,97.0292867091409,97.87515955266028,2631203,0
2000-11-27,99.23521487333716,100.05734816280511,98.30461837924202,99.12584557767238,9004700,0
2000-11-28,95.32648315658896,95.60733346582295,94.84063417714351,95.12087873587434,2974509,0
2000-11-29,95.26799457788246,95.49877374692842,95.2543566999308,95.48510478904718,2778972,0
2000-11-30,94.1493748944472,94.92613893370505,93.45467535518486,94.23083830079844,2323123,0
2000-12-01,95.48436156701874,96.64627220549102,94.68788392402686,95.84677153929638,1694465,0
2000-12-04,94.03635053242805,95.0356891765946,93.34003380137527,94.33714513331604,2481684,0
2000-12-05,94.3005870995034,94.43529575910142,93.99563556195484,94.13010068121451,3195004,0
2000-12-06,94.78728283526989,95.80663990600137,94.07312897964029,95.0902037595459,6604200,0
2000-12-07,96.77055415620127,97.51464499348012,96.00230589036201,96.7462095363123,1323038,0
2000-12-08,94.63081109908076,95.2539933304754,93.81151939332935,94.43340160321192,2181821,0
2000-12-11,93.44229013598598,94.52978480731328,92.72641386328512,93.81108315255345,9278028,0
2000-12-12,92.99191439526999,93.77855293630633,92.14325218594901,92.92936157930399,1794521,0
2000-12-13,91.50109385591256,92.28720974679199,90.93963937944041,91.72438514577848,3097656,0
2000-12-14,95.41191380147801,95.4964532547948,94.88811177733842,94.97226167814888,10999785,0
2000-12-15,95.73524427715724,96.21790798640426,95.26841260240897,95.75099948488167,1841651,0
2000-12-18,93.63158828032515,93.70429258566728,93.27347409334092,93.34595660758956,1431804,0
2000-12-19,95.11661503655463,95.50425617249006,94.68141869794275,95.06886523288097,4313458,0
2000-12-20,98.6608524243526,99.51688879874669,98.2591976919064,99.11339174934261,2800686,0
2000-12-21,101.3046349130933,101.37150594470627,101.10314365493497,101.16992576524942,5143784,0
2000-12-22,98.54860446714842,98.89236223547019,97.76353881714655,98.1057518245156,9143228,0
2000-12-25,97.26417101571862,97.37213239635119,97.057587653681,97.16543944414623,1737563,0
2000-12-26,99.95518625943296,100.76305926901199,98.83185298555897,99.63715555903877,5345832,0
2000-12-27,98.61434840197208,99.54890477366047,97.30593633366807,98.23691582198987,4521129,0
2000-12-28,98.84920467691789,99.19040772043896,98.77772041627505,99.11872854963137,1777884,0
2000-12-29,100.37438735440641,101.62571488223777,99.4156963165586,100.66425527182959,5890810,0
2001-01-01,98.91780464307688,99.43472594271923,98.2917981339061,98.80814638515331,2598550,0
2001-01-02,98.61258014579184,98.996067906501,98.31717070153029,98.70039539788417,4345535,0
2001-01-03,92.62571076771488,92.69690481125025,92.24102517424471,92.31197807632265,1429272,0
2001-01-04,90.79168497197354,91.24621018033329,89.97723003767008,90.42994428436015,4077080,0
2001-01-05,89.85029814453706,90.69711531070134,89.13642355900744,89.98219280161884,2829756,0
2001-01-08,87.51474110942925,88.36606313741873,86.89593620942952,87.74562568381542,9640578,0
2001-01-09,90.87334907846996,90.91899113719582,90.57362489184122,90.61913927112009,1293332,0
2001-01-10,87.83798527737089,88.10041760388913,87.7739497739535,88.03623757091108,3711644,0
2001-01-11,87.55179027808153,87.90451304957848,86.9186554785512,87.27024397521566,4066427,0
2001-01-12,87.44043174799955,87.76556658467841,87.18222846509323,87.50716624115753,7455031,0
2001-01-15,90.1892109516242,90.39879653896374,89.8291167696028,90.03835178388661,5269956,0
2001-01-16,87.10795068935943,87.70747370798023,86.86317342901515,87.46170238944374,6501253,0
2001-01-17,89.61595460333092,90.33600333380946,88.78593621185261,89.50509419810601,8504022,0
2001-01-18,89.48917939241345,90.36432276275454,88.6576208325342,89.53236292933568,10909867,0
2001-01-19,87.85980857346387,88.21573102540172,87.42816593063097,87.78378039035044,2883480,0
2001-01-22,88.30971033132656,89.40671191346523,87.50952633006307,88.60386256643639,4861197,0
2001-01-23,89.1762079563715,89.4629056314871,88.67945194244385,88.9654721108752,10166285,0
2001-01-24,88.22531894083596,88.64565699158987,87.48757851202707,87.90639710117934,23758683,0
2001-01-25,87.7885323806378,88.23689993973815,87.59010484070048,88.03790873692192,12014572,0
2001-01-26,87.01505126979632,87.9278412902482,86.45774071332625,87.3682684622834,3321835,0
2001-01-29,87.15818633639462,88.43270781831764,86.30492415183245,87.57536156703036,2085599,0
2001-01-30,88.86983673709057,89.40616006626392,88.20828278533163,88.7438457677031,4360770,0
2001-01-31,91.66576833742945,91.99376136685167,91.24006264239357,91.56770478661961,7767034,0
2001-02-01,89.35168852495143,89.93052435150317,88.73141742219897,89.30998307356069,4391973,0
2001-02-02,92.87930274209033,93.24341228548663,92.76513487300583,93.12893756358586,4300311,0
2001-02-05,89.40469152228752,90.29770381237792,88.61018861289145,89.50233320133485,10107911,0
2001-02-06,89.32389131733174,89.77326547876125,88.79063102172422,89.23958103163756,3242414,0
2001-02-07,90.2956091312704,90.70428481552376,89.8898660445659,90.29852861014847,10823236,0
2001-02-08,91.25800403225931,91.79265254452982,90.28296827353032,90.8150215071673,3611158,0
2001-02-09,89.367005170573,90.25348157848983,88.80865454360908,89.69309360361783,2989219,0
2001-02-12,89.50304047628279,89.56728200518188,89.26460393411412,89.32872034333238,4025589,0
2001-02-13,88.37223373968425,89.06069219339662,87.76898965339737,88.4568703629439,8186821,0
2001-02-14,87.36027872625941,87.63455286292397,87.14892653600863,87.42304881195015,1673386,0
2001-02-15,89.11076925909718,89.74697794206939,88.28245991587995,88.91728722880345,2093387,0
2001-02-16,89.73342381534006,90.47151244841346,88.82440491600953,89.56107592774003,16125272,0
2001-02-19,88.76279836257056,89.47641443154815,87.61874993294049,88.32887745788882,1964839,0
2001-02-20,89.59274970654073,90.4237704099309,89.09774889768477,89.92692328880013,5193493,0
2001-02-21,90.13037033041917,90.95930047427149,89.66153928013215,90.48860598994013,5329348,0
2001-02-22,92.17507165644574,92.30676767619018,91.83734881468803,91.96875005045446,4363042,0
2001-02-23,93.20907697147611,93.93176996160074,92.41394354012633,93.13607047720811,6174600,0
2001-02-26,91.39432579553493,91.84981157115841,91.1462730221298,91.60119732900598,2305698,0
2001-02-27,90.2031132213981,91.03401940927428,89.75507848678812,90.58409236867789,5022207,0
2001-02-28,91.56603419028738,92.20839056288875,91.30573567716324,91.94700903697492,3327455,0
2001-03-01,93.4455456419386,93.57060228596733,92.95407252638219,93.07863814411286,6418627,0
2001-03-02,92.76232168542904,93.634833538994,92.17832934944295,93.04903616990279,1761233,0
2001-03-05,93.11193192043075,93.32736419319923,93.06134231315546,93.27668507218416,5230063,0
2001-03-06,95.40803310124866,96.38576511213327,94.69376540846261,95.66953966293622,2024494,0
2001-03-07,94.41010243613277,94.84746878843056,94.11026841740312,94.54719936794875,2633106,0
2001-03-08,95.17959174202211,95.59131334594741,95.17946354177035,95.59118459130886,2234043,0
2001-03-09,95.23233463149015,95.7190948437676,94.7275195520535,95.2141870065317,2009588,0
2001-03-12,94.39923865938167,94.85360156045682,94.35501081443422,94.80918164939469,9735200,0
2001-03-13,97.19319715008338,97.46161517288476,96.63453102454615,96.90214525060371,2682314,0
2001-03-14,98.2492034676051,99.20798110269064,97.55460469997661,98.51152776396599,14094964,0
2001-03-15,100.16424206018858,100.22703464453652,100.06141298872352,100.12418045860501,18520558,0
2001-03-16,103.13891794389961,104.00460258280224,101.8859859791345,102.74839279009895,5234528,0
2001-03-19,102.95693454498985,102.96086742026112,102.7979028983898,102.80182984878164,1771593,0
2001-03-20,104.24857700174303,104.50588737308665,103.95700470268432,104.21423029816523,3346405,0
2001-03-21,103.39601596858435,104.34538085914797,102.62995069237347,103.57796749668515,8990815,0
2001-03-22,104.08574316834763,104.58959793179925,103.75655103258224,104.25985513186615,3289511,0
2001-03-23,104.17517177873188,104.2813183490291,103.8929402273774,103.99890719748348,1455191,0
2001-03-26,104.72600442472309,105.10326301446537,103.83565300251435,104.21105657543939,5068500,0
2001-03-27,105.63259524139036,105.91821868715681,105.17675458808867,105.46191653007845,10325550,0
2001-03-28,103.80658864793273,104.68137912569571,102.87235500791716,103.74664029376441,8946372,0
2001-03-29,108.34790788033271,108.6874137934228,107.7598533157368,108.09857795870957,1962605,0
2001-03-30,105.89754762142397,106.77015778408852,105.0620874814241,105.93440684966819,6585377,0
2001-04-02,102.91782136505765,104.29446393170575,101.99992598425663,103.37251328036736,2245540,0
2001-04-03,105.84308298424472,106.30224871564721,105.31830730085727,105.77718716471588,2230829,0
2001-04-04,107.95433779727104,108.93666089255072,106.4847137278396,107.46256194244516,11360215,0
2001-04-05,108.46138036435394,109.22527599139212,108.05213599466154,108.8146984886289,2436203,0
2001-04-06,110.40241667511982,111.46678254556814,109.13069714271367,110.19304450122331,2527515,0
2001-04-09,109.8475711119425,110.27545020714037,109.74948873799376,110.17707362196711,1003268,0
2001-04-10,108.24972358963677,108.9934200466341,107.46752400722713,108.21095411043278,11226902,0
2001-04-11,107.94868728796476,108.92105733781888,107.41562151364785,108.38583287720508,8865404,0
2001-04-12,106.87570898783098,107.34328486431244,106.4614065786174,106.92877673859692,5935295,0
2001-04-13,109.30411847295622,109.99569861449606,108.33502372827458,109.02483682163133,7936789,0
2001-04-16,108.54936842373777,109.48027997333479,107.78533599616301,108.71508116487975,1824659,0
2001-04-17,107.10741465411353,107.11208803943035,106.92640708693739,106.93107277798266,4065432,0
2001-04-18,106.56837193964509,106.74629112822592,106.07704815388668,106.25444322878828,3163303,0
2001-04-19,107.60027406551674,108.36751357021261,106.3786087396144,107.14258470842536,1492346,0
2001-04-20,105.66418655608642,106.65132501841468,104.96005582950059,105.94532085387583,4328929,0
2001-04-23,104.10878069673369,105.22046123304808,103.103040418193,104.2137073135435,13675086,0
2001-04-24,104.36800784026681,105.52909003911725,103.57372785967048,104.7320396389643,1204417,0
2001-04-25,105.7739964275747,106.7796667174848,104.25488801400195,105.25562981563978,2722750,0
2001-04-26,104.64391358014511,105.37907945543671,103.46694285737085,104.19898291453278,2163072,0
2001-04-27,103.26901541961143,103.57681100090979,102.92009592150085,103.22776856563995,2360006,0
2001-04-30,104.07191854486827,104.18157384092805,103.6078897701936,103.71717128708102,12953506,0
2001-05-01,100.74482842459284,101.53247553430221,99.93623670110911,100.72371877050536,4156207,0
2001-05-02,98.0194799587666,98.65087167581572,97.2678790641703,97.89849143458284,4139601,0
2001-05-03,96.10508772237664,96.5480894426357,96.05877851289615,96.50158917491615,8147588,0
2001-05-04,96.34459258192643,96.69148173638806,95.75327364319637,96.09927954693258,1839089,0
2001-05-07,96.3464242647471,97.63173646488947,95.42458185515629,96.70644933608045,4339984,0
2001-05-08,99.89431360157275,100.39418589133435,99.07140154054989,99.56964920595613,3810464,0
2001-05-09,101.5732028493418,102.01273969245929,100.84924281528228,101.28754352728347,5542985,0
2001-05-10,101.184453861484,101.6475747072906,100.51152054591697,100.973676665329,39617647,0
2001-05-11,100.47714667829584,101.15622874577001,100.26726727731155,100.94537130443219,8336413,0
2001-05-14,98.7366838866547,99.29621921968082,98.37263465289051,98.93145186242342,3536373,0
2001-05-15,98.67042154303476,99.27047712373499,98.3055252444302,98.90471437916459,9788328,0
2001-05-16,98.20606393874172,98.39509866320448,98.15464813414127,98.34361084589301,1935916,0
2001-05-17,98.58000639019919,99.747992690257,97.82333817295712,98.98819137719032,1154686,0
2001-05-18,97.78579204306494,98.19307420069663,96.9548580483822,97.36036829725822,2143597,0
2001-05-21,98.4343110788144,99.24361818623073,97.57250777589537,98.38137969209629,3080696,0
2001-05-22,101.20986509700002,102.26939026348926,100.34922903221154,101.40707720944464,4572679,0
2001-05-23,101.09238570157886,101.41116779559952,100.87807585413847,101.19663694172809,5774237,0
2001-05-24,101.96593025187892,102.69042478044568,101.29565365874102,102.01979411135191,13073492,0
2001-05-25,103.54221598015435,104.03122702585577,102.94964342695047,103.43816304959414,4565259,0
2001-05-28,102.63456668396034,103.53791173806573,101.7152732571283,102.61847669410385,4478508,0
2001-05-29,103.52100468587432,103.7443416044739,102.86625495086452,103.088659124213,1257745,0
2001-05-30,103.12179925821245,103.82392505721403,102.42282609044307,103.12493066436042,1177677,0
2001-05-31,103.84527982641717,104.4764017184215,102.7086689880697,103.33669997523512,5005443,0
2001-06-01,102.10700092749471,102.4085244099379,101.44896047855694,101.74942804298877,3882856,0
2001-06-04,101.51271697779457,101.94855358096036,101.37404968908204,101.8094809100347,10137360,0
2001-06-05,103.27647771724558,103.94946830927162,102.16357565732997,102.83368080864136,1875813,0
2001-06-06,105.42249928859164,106.61013950704697,104.64385138854652,105.82849294815215,1126443,0
2001-06-07,108.21187073581143,108.55341698905151,107.5289740678494,107.8694395145215,3980454,0
2001-06-08,112.39114894593632,113.25107912673872,111.66641417349764,112.52547815575839,2355623,0
2001-06-11,111.2286402926076,111.6681390285197,110.37196387627226,110.8098076750613,1254437,0
2001-06-12,113.1691213860296,113.97625134950523,111.94995213415216,112.75412229554891,7447622,0
2001-06-13,113.52509189331121,113.7512512172002,112.95337949126719,113.17884904651713,1591626,0
2001-06-14,118.489616571284,119.54442891456765,117.09519253021038,118.14695444382706,5686544,0
2001-06-15,116.0217513497807,116.58291975968667,115.688293702414,116.24880952533387,2649815,0
2001-06-18,113.82905790687788,114.72851029534456,113.41041058190154,114.3081011165677,1952752,0
2001-06-19,112.83964008974226,113.01483763283105,112.77408934009368,112.94922322420051,3388175,0
2001-06-20,107.80954609734803,108.28328528812767,107.68932528740136,108.16267070112306,9083465,0
2001-06-21,107.24481375401331,107.79804889080506,106.4839869252041,107.03614562260282,3488671,0
2001-06-22,105.25951218335956,105.70385745520551,104.9778454371973,105.42175655498636,7946888,0
2001-06-25,106.25234918005997,107.14006654684593,104.86587899554978,105.74939427354741,1670436,0
2001-06-26,106.63288994704787,106.64855793200181,106.46713303296734,106.48277896153076,8408994,0
2001-06-27,110.8453305651165,111.26553861651959,110.0701676167895,110.4890249347528,2352049,0
2001-06-28,112.1865235724627,112.98015400447417,111.80806733111594,112.60030190036473,6656604,0
2001-06-29,111.71533831973669,111.73693024800548,111.2908573703419,111.31237141465455,5171037,0
2001-07-02,109.78558187389679,109.92212044440676,109.18744552628657,109.32340930016595,14235578,0
2001-07-03,110.39562233624686,110.86660975344418,109.93897893102213,110.40990725968005,3449583,0
2001-07-04,107.61983960215186,108.15025967739,106.97575464492219,107.50561173144004,1342278,0
2001-07-05,111.74934584851444,112.20113699640436,111.00360627186085,111.4542041922948,1096706,0
2001-07-06,113.72342982872613,114.70019108272892,113.11962929058288,114.09442081366312,9768232,0
2001-07-09,113.03812434028188,113.71085002295017,112.36251534955348,113.03522377000931,4719420,0
2001-07-10,109.0630031379139,109.18447059190261,109.05217992056585,109.17363639550797,8463700,0
2001-07-11,111.74413849466193,112.66113671252984,111.22553935693519,112.14069716520868,2335644,0
2001-07-12,111.74679728869197,112.97312733806841,110.67011774509922,111.89501967292873,3116239,0
2001-07-13,114.18111468739343,115.27152589865702,113.58847784435412,114.67631878649087,1152831,0
2001-07-16,110.50442910501235,111.7832059723641,109.75571489041168,111.03092452873149,17284488,0
2001-07-17,109.31078148807018,110.05319345793417,108.96988066780239,109.71104436242462,6511112,0
2001-07-18,110.24171382193886,111.09497518204851,108.88419330848566,109.73352130230896,14530641,0
2001-07-19,109.90200858142424,110.7514648147634,108.9985658642803,109.84760157417276,2542801,0
2001-07-20,109.37695380326572,109.94713154048664,108.302280044563,108.8698140824633,5726842,0
2001-07-23,110.1624799494989,111.31281949672405,109.0872789171246,110.23689219059048,6673788,0
2001-07-24,107.69105344047698,108.02955398144469,107.5558470916023,107.89409271632313,2910327,0
2001-07-25,107.60425251815393,107.62248892627764,107.57940873030165,107.59764401843897,10422968,0
2001-07-26,107.80202722124878,108.69802298492684,106.9717810561637,107.86727431399902,15702572,0
2001-07-27,108.55810562417665,109.86758507347407,107.68187286337269,108.9878833380542,11807820,0
2001-07-30,110.70561350515382,110.83868965562931,110.41704110490033,110.54993011268353,7717457,0
2001-07-31,107.76751297356914,108.36143007382961,107.4813009596049,108.07440301260563,2624944,0
2001-08-01,104.89453238245994,104.91294385193544,104.75085151192327,104.76924098979826,2653755,0
2001-08-02,107.61834403264793,107.93399790247513,107.14176206578328,107.45694253110854,17533117,0
2001-08-03,107.80543113311091,109.01827657157612,106.97194220266228,108.18187717911312,1051688,0
2001-08-06,106.10575787293533,107.12524912107563,105.55617192952325,106.5732417954714,7294785,0
2001-08-07,110.19865426854109,110.58225092778063,109.50760232813953,109.89012501062865,7125065,0
2001-08-08,110.1110620420968,110.56483472276466,109.70173595644765,110.15534402358973,5873434,0
2001-08-09,112.26624301181113,112.76600370728677,112.26472334707593,112.76447729832414,24080572,0
2001-08-10,113.48687024193761,113.82710447764022,112.58946864920965,112.92802747133773,2868956,0
2001-08-13,117.07362228567636,118.35383863233346,116.31678962025843,117.59364423953637,3077364,0
2001-08-14,121.97116581743904,123.15940213789058,120.5478187827406,121.73374213486822,1411147,0
2001-08-15,121.72569629165132,122.75678698131128,120.11364123298091,121.13976876004614,3924138,0
2001-08-16,123.18367264383053,123.53494149350016,123.15460749982117,123.50580034357392,2512615,0
2001-08-17,124.66471432833349,126.23651426595204,123.54452631744866,125.11230438712843,3103300,0
2001-08-20,128.0627609296349,129.55626597616993,127.05977541800758,128.5494685779635,9996089,0
2001-08-21,125.8334818878652,127.06542560699408,124.85150743975429,126.08151556330165,14704249,0
2001-08-22,127.3141323024195,128.40952079123457,126.73103897586222,127.82409187147836,2027335,0
2001-08-23,130.79356989455334,131.31413522557781,130.02315033333537,130.54271725758719,3330129,0
2001-08-24,125.41260431969337,126.34552354336185,125.03270981526968,125.96395889919522,14199427,0
2001-08-27,123.00718556469955,123.08799496176,122.9147949781412,122.99559676195405,1319005,0
2001-08-28,118.57762513875396,118.84826121251159,117.72226627213819,117.99156474883459,1484540,0
2001-08-29,117.7361086253072,118.02645014885887,117.07817643566771,117.3676092263066,1888407,0
2001-08-30,119.20085486099791,119.77787886627854,118.4873104422507,119.0636703688617,5521969,0
2001-08-31,122.41546369290965,123.56986336516064,121.50047615672759,122.6530996324405,1815373,0
2001-09-03,122.99932650378497,123.5821094016232,122.26506228453684,122.84712403210516,18222045,0
2001-09-04,126.89512848685138,126.96853027529987,126.78744151816024,126.86082346305658,3959405,0
2001-09-05,123.2807010675398,124.55353680860522,122.09993108612814,123.37189339636876,4480938,0
2001-09-06,118.74111629816066,120.30479078692778,117.62171491805408,119.18124025128098,2416183,0
2001-09-07,119.52104739409118,120.45951416009105,118.12590091585984,119.06075350235403,4183458,0
2001-09-10,119.92695001774285,121.1766686244601,118.738080700722,119.98720201260295,6422269,0
2001-09-11,119.55453075709042,120.57368895786962,118.9035774590558,119.92074170591786,7955070,0
2001-09-12,114.82210741641691,116.08108470563931,113.71663650711791,114.97414997867202,8009438,0
2001-09-13,114.68215489182745,114.86749738588266,114.59544940204131,114.78071737788892,5312459,0
2001-09-14,112.16381617436011,112.57397765662502,111.38881411444783,111.79763654831625,12735808,0
2001-09-17,113.5708719893493,113.82683946072524,113.05080158812358,113.30617247638078,9502501,0
2001-09-18,114.45566682578509,114.67980888809646,113.92471991766824,114.14825997566419,8074459,0
2001-09-19,111.46624870430225,112.17168091935845,111.30930093910655,112.01396195775042,1286056,0
2001-09-20,110.78099458653276,111.56405260668114,110.09147856396369,110.87395796734823,1034508,0
2001-09-21,108.51601309270035,109.3842789852015,107.66815376542147,108.53626145305772,2194124,0
2001-09-24,107.88980725148105,109.03799538295263,107.26588222300802,108.41105598141738,6446136,0
2001-09-25,110.2274675911706,110.65524013488852,110.06547431808815,110.49285683857713,3648322,0
2001-09-26,108.60755287868196,109.48849455602401,107.44693775710178,108.32559238586478,3574220,0
2001-09-27,109.03134247692489,110.12436305685179,108.33795252215907,109.42844769277339,11796186,0
2001-09-28,108.3171185931186,108.73756850136198,107.85858367719588,108.2788851764274,12295849,0
2001-10-01,106.26916832488155,107.2911240962917,105.55277566638931,106.57268533766418,12994118,0
2001-10-02,105.8363273626048,106.63163484131633,105.56125347794165,106.35521234873767,2883499,0
2001-10-03,103.89420518617521,104.52334478031453,103.53557048479556,104.16377952930628,6872973,0
2001-10-04,103.5110407340739,104.46073987888761,102.07559064321967,103.02079182368446,2584752,0
2001-10-05,100.86620199010407,101.15922285158497,100.27082737170538,100.56296732281503,2057370,0
2001-10-08,105.0049660344016,105.49847705574652,104.03334207059363,104.524595406343,2020581,0
2001-10-09,104.59606030116045,105.53993169574052,103.66500774032427,104.60876603593235,3093569,0
2001-10-10,102.75270076240129,103.88533040312097,102.02549796112926,103.15527847343654,3810222,0
2001-10-11,103.65674656202239,103.72122440252134,103.54261021479441,103.60705714687407,9887779,0
2001-10-12,103.33749144255536,103.5369470282813,103.18527217177896,103.38465827931846,1638548,0
2001-10-15,103.29257405056018,103.300673831515,102.93002742988472,102.93809941438919,7638728,0
2001-10-16,103.79396681916413,104.87031764697957,103.13910806555879,104.21281628085218,4790614,0
2001-10-17,105.78963667749356,106.27572558468754,105.31604458725019,105.80207779885004,2698003,0
2001-10-18,104.3237311455424,104.83066800247866,104.18365061109104,104.69009553279255,4394442,0
2001-10-19,103.31346370908584,104.48632831624786,102.32378878857091,103.4949152098935,2782960,0
2001-10-22,103.1802613883777,103.72676567601376,102.39072546725642,102.93593565991355,5532716,0
2001-10-23,98.18366914662244,98.44477775744708,97.94616943504276,98.20722107533125,3844427,0
2001-10-24,95.12278250199506,95.7177675108597,94.64659445580834,95.2409877251048,1898059,0
2001-10-25,97.75090157823838,98.51919770453674,97.08656657568079,97.85416093042623,1619790,0
2001-10-26,101.04229251507479,101.16035015979247,100.96525866143874,101.08328505376548,4955957,0
2001-10-29,100.87662369262539,101.15373562640053,100.31360139914392,100.58992576276809,12635056,0
2001-10-30,102.15888618965651,102.98327314707849,100.93873391135797,101.75990119758009,3107649,0
2001-10-31,102.8698116926223,103.34266807922265,101.93281982044789,102.4035328871815,7602535,0
2001-11-01,109.03145872095992,109.62739975195306,108.12530253559338,108.71953868295738,6374401,0
2001-11-02,110.95960143213988,111.645943055183,110.47935052115373,111.16480399466927,14408617,0
2001-11-05,111.10014723398477,111.14892013489678,110.84284048091602,110.89152179538014,9601317,0
2001-11-06,108.71550684232066,108.96369249557331,108.53531112909916,108.7833842756555,5180531,0
2001-11-07,105.04083946963482,105.76832091091916,104.57283879211357,105.29916926658721,6350568,0
2001-11-08,106.0986216592293,106.32056455473855,105.51700129484344,105.73819022016941,12432892,0
2001-11-09,103.66853531375212,104.20131364856455,103.61672278677659,104.14926085963066,3550119,0
2001-11-12,101.60371398855061,102.46089338027919,100.34339298220046,101.19714233352731,2978524,0
2001-11-13,99.86015199665319,100.87883343195125,98.88033164565009,99.89863548384686,1054349,0
2001-11-14,97.88183327003266,98.6581760555513,96.97244286081192,97.7477219519681,9759360,0
2001-11-15,101.21681810477556,102.08099203598337,100.19298272581919,101.05578175293654,9071767,0
2001-11-16,103.25415306583044,103.5040045023523,102.59891511392102,102.84778322837174,1551611,0
2001-11-19,102.98222201863841,103.97149702333235,101.8537438259821,102.84166863697679,5300229,0
2001-11-20,106.0166023519299,106.22537629294902,105.68741495041752,105.89595129849975,4117934,0
2001-11-21,105.61074678738196,107.07958611667553,104.60593465950105,106.0704007044036,1631837,0
2001-11-22,104.27306361310421,105.31039216833676,103.2167348986604,104.25387253736882,20704228,0
2001-11-23,107.06427071394987,108.20480549766319,106.302269882473,107.44012959282792,2208421,0
2001-11-26,108.86675907302931,109.93489845567923,107.54327563802546,108.60888490443432,1348005,0
2001-11-27,106.37966287837064,106.98553737583234,105.76086237205902,106.36666282906859,5517457,0
2001-11-28,106.16337737276353,106.43891569547677,105.69734307594229,105.9723856954505,7713620,0
2001-11-29,103.64991285563214,104.58218721545843,103.19696700095702,104.12715582862671,1164907,0
2001-11-30,100.83739789465183,101.85885539677874,100.2388664924967,101.25782848289144,6375225,0
2001-12-03,103.36673255994262,103.44227458271371,103.06822985034304,103.143608810793,4799554,0
2001-12-04,106.6345387417852,107.7592904948445,105.97090587217004,107.09280563210346,1544974,0
2001-12-05,103.66162842674035,105.12946887502822,102.64452350339029,104.10798440573916,1946875,0
2001-12-06,104.77688320385141,105.49075251495833,104.57769433367592,105.29058705446559,5196350,0
2001-12-07,104.40543175325945,105.23294410647557,103.10723343765252,103.93098535186178,2757425,0
2001-12-10,103.17329460351523,104.11000370072324,101.99434042163077,102.92883002790559,14928631,0
2001-12-11,101.57036250904618,102.67956445246753,100.61184138021504,101.71963464015745,9539120,0
2001-12-12,99.76870242245595,100.93197791863427,98.81078758844463,99.97211009513548,21542381,0
2001-12-13,99.9287078064486,100.60099573258475,99.40761992774206,100.0791234967629,2503301,0
2001-12-14,98.6962464772167,99.66081269892933,97.4639919599559,98.42591622271358,18486939,0
2001-12-17,99.12786355323834,99.8785689820413,98.218662069269,98.9681580318572,3821429,0
2001-12-18,98.56734112089485,99.03847386218014,98.40798588484411,98.87861538455671,3134864,0
2001-12-19,98.09523775923034,98.88531205325143,97.62742146591657,98.41596620563527,1258306,0
2001-12-20,96.25132454254765,97.33362388124394,95.55992127165005,96.63943270839687,1271041,0
2001-12-21,95.6874636804114,95.9241373552778,95.29802468016105,95.53431956789589,6888460,0
2001-12-24,97.24359634806237,97.86655359129706,96.36587407805429,96.98718873518912,4061791,0
2001-12-25,97.73835787019216,98.62159719702449,97.08683350841716,97.96853845039917,2284287,0
2001-12-26,95.6027477676278,96.21923629324002,95.44720234193592,96.06294213249548,5759204,0
2001-12-27,95.8611757733534,96.80736178349318,95.31947834871366,96.26339149687543,2457500,0
2001-12-28,98.17683043092636,98.93438927487722,96.96560825839009,97.71963929248211,5309388,0
2001-12-31,94.27350097298346,94.93802807673484,93.80317456382299,94.46673761832845,3225257,0
2002-01-01,95.75988915992886,95.77147909113856,95.49121477439468,95.50277358660628,9673651,0
2002-01-02,94.36416699697911,94.37269607303506,94.23815727084684,94.24667572749073,9593367,0
2002-01-03,95.21909207002321,95.67200288112777,94.8791319702714,95.33164094885223,4244220,0
2002-01-04,93.60960093661839,94.75548497001114,92.74259436526077,93.8859191556984,3160219,0
2002-01-07,90.16357850259106,90.71321421984665,89.95739533489596,90.50624744784285,3251474,0
2002-01-08,87.66995888563804,88.22610527085726,87.01373542070998,87.56924290028925,9192133,0
2002-01-09,87.90296512750328,88.09817640267542,87.46753844466973,87.66221507206005,2988820,0
2002-01-10,88.25315583895538,88.53703975621677,87.84286230640278,88.12633828966649,2172661,0
2002-01-11,86.56749251754404,87.30162129000541,85.80736228382581,86.54126866699706,1442453,0
2002-01-14,87.25371118563609,88.2940998877356,86.6177525278544,87.65521482473918,4143291,0
2002-01-15,85.14821207100647,85.22944284996733,84.67031038991453,84.75116238634565,4290175,0
2002-01-16,84.90048519349514,85.26445528934696,84.28474460411105,84.64763070767198,10191385,0
2002-01-17,82.43476120335436,82.62999837606849,82.4107151783498,82.60590242957274,2250253,0
2002-01-18,81.92860744230913,82.32259404274826,81.14514820676328,81.53725282139214,3398179,0
2002-01-21,81.70586020159638,82.24710760912468,81.08200515830379,81.62270169560477,9261876,0
2002-01-22,80.2924033282673,80.38755193276131,80.1312084517138,80.22627869678466,9675674,0
2002-01-23,79.81478121766034,80.04535409962146,79.38726981141573,79.61727211933882,3427504,0
2002-01-24,81.48084273020037,81.80500336534891,80.90444647372519,81.22759961500995,4072826,0
2002-01-25,80.4241815628557,81.16370686365187,79.56016162915154,80.29853153899583,2806900,0
2002-01-28,81.34500354694877,82.45963777489067,80.53704021942272,81.64865838050079,14482205,0
2002-01-29,79.68296025894526,79.84788689035418,79.6471736064148,79.81204226541784,1631466,0
2002-01-30,81.01103528286232,81.62753568027054,80.0518460288257,80.66571853844778,14571555,0
2002-01-31,82.77092084892843,83.30801755613872,82.46324141615013,82.99948848245859,6757952,0
2002-02-01,78.80401738552686,79.21455252287787,78.49474456821966,78.9048838468859,4791865,0
2002-02-04,77.60244995431776,78.24092172563158,77.01712185585319,77.65519578384993,1166021,0
2002-02-05,78.51161131978925,79.28072287264847,77.79053992912503,78.55921428378048,4227466,0
2002-02-06,78.33642150464865,79.0813449366464,77.50396541769146,78.24804848537916,3619116,0
2002-02-07,79.18600847438452,79.64300881427242,78.38171768223737,78.83670209612184,1879027,0
2002-02-08,77.69028144995335,78.17043150982822,77.41283301617545,77.89226176161974,6341525,0
2002-02-11,77.73958328478574,78.64950796749858,77.12734590727598,78.03494447563034,18728383,0
2002-02-12,77.56441538024218,77.99506121238517,77.36972762471846,77.79978268167909,5129837,0
2002-02-13,79.93271397880105,80.38359365889724,79.17548463379535,79.62462647228118,7272003,0
2002-02-14,80.15445592417433,80.44187253907087,79.75075408664539,80.03775222722085,1354529,0
2002-02-15,80.41364563696808,81.11532903407002,79.88562465221442,80.58617516681207,3703564,0
2002-02-18,80.1829396559629,80.37569857122189,79.73825018007284,79.93040199754634,1618519,0
2002-02-19,79.44496033542458,79.59717127516909,79.00724093199727,79.15890380761368,5744015,0
2002-02-20,78.7539544522669,79.47710404435017,77.76135063029044,78.48200305837827,14942140,0
2002-02-21,79.44040773148357,79.52128099230436,79.02846326890177,79.10899914357445,6420260,0
2002-02-22,78.25646783185276,78.84776503743491,77.86052304454346,78.45083682483543,1399563,0
2002-02-25,79.11460562212736,79.28933243037403,78.73906119353597,78.91334350880433,3189937,0
2002-02-26,82.16433590686778,82.22877033886411,82.13234936103245,82.1967711659943,4999914,0
2002-02-27,83.92310114840717,83.95332925771434,83.60693851924849,83.6370636012113,3580931,0
2002-02-28,83.28995021212941,83.43589233887717,82.95446486687155,83.10007428966316,9968126,0
2002-03-01,85.34007367694159,86.07977613608689,84.36714041244124,85.10480362048415,9428113,0
2002-03-04,84.55056045224856,84.7893978134396,84.1802656412673,84.4187306111791,5731572,0
2002-03-05,80.72481704909062,81.75579414687321,79.9575606225174,80.98605476249594,3337696,0
2002-03-06,79.39706866815946,79.85885971951342,78.89975148969235,79.3613347043466,2474113,0
2002-03-07,76.7701871578239,77.105376688467,76.06632715748079,76.39989996168264,1559544,0
2002-03-08,76.20227624965696,76.6443171459452,75.43031216941817,75.87042805136004,3191731,0
2002-03-11,75.559204923975,76.2981681870914,75.16879173224302,75.90596330042764,3665121,0
2002-03-12,78.19560412379491,79.05391079594281,77.60227444822148,78.45858567877839,6632326,0
2002-03-13,78.688578184306,79.2025505263252,78.46628604656536,78.97943672465054,6367059,0
2002-03-14,78.81895935808453,79.09723000275352,78.36360271453997,78.64124594129507,1363434,0
2002-03-15,80.20770070630287,80.92483318851085,79.23875907220275,79.95361983178786,3514777,0
2002-03-18,76.20689838315869,77.14918718865519,75.48563322994137,76.42584975590985,2003113,0
2002-03-19,76.79812769280925,77.483595700087,76.10820530596379,76.79363319725165,1852830,0
2002-03-20,78.25096149304906,78.57918358128397,77.65815571678942,77.98526333944906,9781058,0
2002-03-21,75.86310339046622,76.45511287883586,75.09626862866722,75.68690311083844,1214095,0
2002-03-22,77.45851833110213,77.82748093239876,77.0570090025672,77.42581583016619,3716596,0
2002-03-25,78.02815862649946,78.41637981156208,77.56985486907043,77.95772562186592,1920838,0
2002-03-26,77.32448757912755,77.48275542463249,77.15976875495534,77.31802336950899,11573487,0
2002-03-27,78.1457358388537,78.76714426752307,77.68379271360588,78.30426403407408,5071384,0
2002-03-28,81.92142545271915,82.07391063343792,81.71580702579139,81.86819312203353,2315797,0
2002-03-29,82.3293760877188,82.60235123578794,81.90170066496447,82.17416117517593,4490067,0
2002-04-01,82.8986535699681,83.60746209472762,81.88415273857703,82.59032496060625,7574267,0
2002-04-02,81.9513492570933,82.12105067672665,81.67033822769,81.8398086737578,16864496,0
2002-04-03,80.66706112103621,80.72446241842975,80.399718842024,80.4569706426358,2245166,0
2002-04-04,81.52307714196066,81.85759142712399,81.4668200290011,81.80114242800465,11865762,0
2002-04-05,80.37783868855078,81.16522291442872,79.62165642425393,80.40874984277781,14613594,0
2002-04-08,80.13673727136656,80.9401143187488,79.73050777182222,80.53188175107734,13409787,0
2002-04-09,79.56852608438682,80.09719235269732,79.24276293323047,79.77060187884425,6044968,0
2002-04-10,80.72514760983798,81.37973054129318,79.88964521762524,80.54274911878441,5968838,0
2002-04-11,81.48708491175638,82.16817509534731,80.41052775075471,81.08828465842774,3580955,0
2002-04-12,82.44724365181504,83.05402472253954,82.17336130135274,82.77904017378306,7979660,0
2002-04-15,81.86222626010047,82.51131577979132,81.29441507651036,81.94294471839873,4788898,0
2002-04-16,81.75343647679446,82.38385587821,80.88031871951033,81.50885207479806,6657300,0
2002-04-17,79.68490582452661,80.44465110896502,79.16324804121786,79.92144482148794,3797085,0
2002-04-18,79.26290367296832,79.38306233108008,79.09917327535929,79.21926578057544,7574455,0
2002-04-19,80.0110261765143,80.7118292197428,79.12580359734757,79.82497706790674,9699769,0
2002-04-22,81.13548788376707,81.57288487928425,80.60460127852659,81.04149154490116,1791675,0
2002-04-23,79.30673094661482,79.77964334785179,79.08271129943519,79.5549226276088,9946703,0
2002-04-24,80.82944561380623,81.29071411552577,80.48573602892328,80.9465067536819,4885868,0
2002-04-25,83.3852552241698,83.41658397378943,83.11804429342051,83.1492843862233,10310885,0
2002-04-26,83.89060193585635,83.99787016507796,83.73792554860326,83.84513564152869,3822026,0
2002-04-29,86.5702703255298,87.66675536121477,85.90753443413992,87.00072414460051,3382446,0
2002-04-30,85.88659237031848,85.8866023630134,85.66300983718655,85.66301980386935,13329093,0
2002-05-01,83.15097146569715,83.88716412522689,82.80459293252,83.53916849587483,2446211,0
2002-05-02,80.77366783363654,81.19571847170353,80.15465014174126,80.57566620111965,10296306,0
2002-05-03,82.7476939831663,83.03996273781472,82.70248526049441,82.99461910903248,4308441,0
2002-05-06,84.47428498359064,85.29628580409297,83.27084251684667,84.08909513908614,4608715,0
2002-05-07,83.89308767366451,84.19397712970856,83.70338415126686,84.00402275499077,2844231,0
2002-05-08,84.33657997011412,84.73978854892839,84.08002917366,84.48279297438734,5255350,0
2002-05-09,82.29957030356243,82.8405768496107,82.04942692200669,82.58955209012778,2966777,0
2002-05-10,86.4692622536366,86.83730991132826,86.27002266579427,86.63768225573874,1200306,0
2002-05-13,87.19745197342695,87.19873710873283,86.8689741850607,86.87025449805792,2587261,0
2002-05-14,87.50115796371205,88.13934310408709,86.43397134418093,87.06900459646951,1031997,0
2002-05-15,88.22520964910922,89.19567331925181,87.37220817992832,88.34154704717315,20164854,0
2002-05-16,89.15440375322461,89.40031352795143,88.95443623554449,89.20024319538975,17869936,0
2002-05-17,89.80756800765168,90.40303456535335,89.01442627837783,89.6085734079745,3513917,0
2002-05-20,88.5414965324377,89.19838264304613,87.54650949621045,88.20086849995731,7516587,0
2002-05-21,89.12421490523722,89.88036736340844,88.28591740303766,89.04136695820016,3121757,0
2002-05-22,92.30159952931038,92.79234889083556,91.91150602038894,92.40183177119508,6559903,0
2002-05-23,94.81453783826436,95.1849312171036,94.52731530011211,94.89745748970032,9184817,0
2002-05-24,98.12230472650288,98.44149180916945,97.61217052509981,97.93073443894271,15664373,0
2002-05-27,96.45767647519438,97.63006277627194,95.77029849522098,96.93925297939445,3555897,0
2002-05-28,95.14396198940698,95.92107833455638,94.25412775734401,95.03031586427889,8646160,0
2002-05-29,94.66375377462829,94.97291887985499,94.49183117537085,94.80074748089203,2545743,0
2002-05-30,95.19512281662723,95.54824056492025,94.56380088976235,94.91588282240562,24194826,0
2002-05-31,96.60768824534846,97.87740200644754,95.73634467191356,97.00249748973702,1130537,0
2002-06-03,93.81140268582523,94.5681731920265,92.97262821389779,93.72873181957839,5625759,0
2002-06-04,96.5869797183064,97.55678694131151,95.63573473257617,96.60536092670583,6386788,0
2002-06-05,96.4468065957308,97.17425495599805,95.58331877434031,96.30973326136863,6824490,0
2002-06-06,95.08155596139191,95.87259824161897,94.70769984628905,95.4971081950755,1641369,0
2002-06-07,93.64844079229799,94.20156391456338,93.02091601830084,93.57359708531642,14946012,0
2002-06-10,90.54157152137236,91.14006421514816,89.88781167696115,90.48593661608265,1999475,0
2002-06-11,92.04049043671606,92.11270155483045,91.91252509409928,91.9846924354363,5874281,0
2002-06-12,92.2241154358938,92.72627294000267,91.62713514765143,92.12877351791617,2259490,0
2002-06-13,89.91953570896156,90.5573537046111,89.12444164956852,89.76113608368374,2835188,0
2002-06-14,87.71185547002574,87.8586160903617,87.29884298174686,87.44515735932626,4953342,0
2002-06-17,86.66669793528061,87.54475555571246,85.9901502027524,86.8666469576966,3699499,0
2002-06-18,90.0667927364206,90.59257815669788,89.2508977992664,89.77497969443458,1873109,0
2002-06-19,89.31630303916187,90.16836515766666,88.46581374344329,89.31786102645366,1937292,0
2002-06-20,86.27519889080125,86.67839792073806,86.2385989686492,86.64164254476637,3707668,0
2002-06-21,85.84383791079985,86.45325112398315,85.61607177134175,86.22447505469304,8079295,0
2002-06-24,85.62062672920192,86.27869795110317,85.10557252763158,85.76278856946782,12412179,0
2002-06-25,81.37669558702076,81.61802624400973,80.90486940276735,81.14551446923636,1439391,0
2002-06-26,81.23387093897279,81.81422534237124,80.48636170724177,81.06551332315075,3496988,0
2002-06-27,80.9321133270138,81.54639234242246,80.08669213339702,80.69920334977493,1528167,0
2002-06-28,81.84507068134546,81.92897494459532,81.74704947398257,81.83093925025963,1083658,0
2002-07-01,84.81440840657953,85.30124202795645,84.37858578269177,84.86515862182205,6419387,0
2002-07-02,86.47980650566383,87.22741211088098,86.03971893786309,86.78576753629159,5612165,0
2002-07-03,86.17941458618911,86.64652359842795,85.86117058023798,86.32773188521263,1889770,0
2002-07-04,84.37018248342294,85.21351731123366,83.58307207443968,84.42588721892331,2331643,0
2002-07-05,88.41425504331906,89.51414941755111,87.68262149516677,88.77949349810287,1119966,0
2002-07-08,88.64516123182682,89.51329305407171,88.0271188511096,88.89351909900381,10007449,0
2002-07-09,89.01452190355727,89.65037634318655,88.29194244382796,88.9271729264477,19382896,0
2002-07-10,89.10264651266412,89.51404781617784,88.48272406605268,88.8931581278744,1727785,0
2002-07-11,89.69901120240009,90.525134181052,88.43218861252733,89.25421504292038,2316412,0
2002-07-12,89.39093940717474,90.01184478467572,88.38721720873912,89.00544495943379,11140303,0
2002-07-15,88.11861229113116,88.76098028652743,87.35171115443018,87.99316466035579,14049887,0
2002-07-16,86.97102164615418,87.78957903110194,86.22160026369835,87.03956699957075,3720424,0
2002-07-17,87.10971674481885,87.34845972997286,86.75283603374444,86.99125434712231,1259743,0
2002-07-18,86.30030546433964,86.99681011969042,85.35996867726948,86.05448942287254,1200943,0
2002-07-19,84.51243411327798,85.00185802835084,84.34743152734201,84.83622327450419,5265991,0
2002-07-22,84.94868603951171,85.31891766326561,84.65532258873648,85.02528966802417,3495268,0
2002-07-23,84.88767538150971,85.1725672944767,84.31627483947538,84.60020196159188,1145354,0
2002-07-24,87.05218063327152,88.00624264575241,86.20035287498685,87.15342419344631,5376372,0
2002-07-25,82.60064193083575,83.30814717602809,81.83432050085611,82.54131761116776,1056834,0
2002-07-26,84.4254947550503,85.01746087977116,83.76001300225926,84.35146001771483,8741054,0
2002-07-29,86.1892688837697,87.09070564861088,85.56262397656339,86.4620772695892,2829535,0
2002-07-30,82.77114433751143,83.3512068434336,82.3059102535746,82.88533094762646,1205453,0
2002-07-31,82.18930450599973,83.1052415315359,81.410897273662,82.3255439877813,5437936,0
2002-08-01,81.33499266481681,82.1277486614386,80.93136064456142,81.72219511513215,3534868,0
2002-08-02,79.05193457188277,79.73211314408655,78.75112796084198,79.42986842779246,19210058,0
2002-08-05,78.46156817033153,78.58948825235983,78.0746766938503,78.20217387150954,4928491,0
2002-08-06,76.29946561035628,77.07424027079603,75.69959489908267,76.47300518160435,2609567,0
2002-08-07,79.17499149044195,79.75648741116488,78.57928940367563,79.16068021611264,7179706,0
2002-08-08,80.4876472707622,80.95995728809129,80.1782889430875,80.6499750454357,2583783,0
2002-08-09,83.07353942799544,83.09446848867412,82.68822054123632,82.70905777654374,12729722,0
2002-08-12,83.70912826170144,84.61511693983685,83.00681091252972,83.91110501113478,3347794,0
2002-08-13,81.96699770103348,82.0340620531567,81.95763872279817,82.02469648688357,4991078,0
2002-08-14,81.47498083282932,82.04832009340275,80.60121645626481,81.1724266436759,1259483,0
2002-08-15,82.25531840374208,83.05340647868219,81.17964985653839,81.97501829979136,3776685,0
2002-08-16,79.72848217958443,80.32957631470595,79.37954144556485,79.97953681164931,9929787,0
2002-08-19,81.37356903597068,81.56477528190122,80.93741113013294,81.12804044918288,9190442,0
2002-08-20,80.71244817624618,81.31536731157031,80.14352952755553,80.746210680773,2270066,0
2002-08-21,80.13532782897917,80.80389795958772,79.48051951359213,80.14897810396234,2281427,0
2002-08-22,80.99867880614963,81.74087682706295,80.5560774695303,81.29664730025945,9499694,0
2002-08-23,81.68309882309997,82.82035049893526,80.89319444355826,82.02711931983599,14324840,0
2002-08-26,81.62878266953892,81.67095921804923,81.40106110647324,81.44314173668667,1501096,0
2002-08-27,83.33672601662376,83.76037029321809,82.91604589192073,83.33967528075954,3989718,0
2002-08-28,81.49460412554451,82.13197108841,80.90910292534966,81.54609991468536,3058328,0
2002-08-29,82.74827668921162,83.46209681311127,81.84661185622875,82.5587974555746,11227653,0
2002-08-30,83.76819425119307,83.91835344038215,83.39660631491705,83.54636786786533,1436101,0
2002-09-02,82.75425878480706,83.70179572512573,82.09222183322089,83.03749289082982,2185742,0
2002-09-03,83.67955637129232,84.14205920028634,83.12542841457439,83.5874220104368,7981083,0
2002-09-04,81.20703172226122,81.82744162204199,80.88500224793184,81.50423358279173,1263280,0
2002-09-05,83.22731442960246,83.33693731058902,82.90927827901596,83.018626286355,4391641,0
2002-09-06,82.84975490408779,83.56665031953928,82.00414974725494,82.71992172168545,3917940,0
2002-09-09,82.23720182793997,82.36653891357199,81.73465236909888,81.86340156706846,3035340,0
2002-09-10,83.22879307468742,83.84804605194775,82.97096037837578,83.58909717727008,3509100,0
2002-09-11,82.05487175891987,82.65900239687456,81.81687526962563,82.41994702308828,4774480,0
2002-09-12,79.93200063539861,80.80454204355082,79.23546196405222,80.1064829091835,1879912,0
2002-09-13,77.43560638094634,78.1427277023432,76.9146947382379,77.62057179177783,5243112,0
2002-09-16,78.37031412038758,79.19505611596539,77.74595240687,78.56911062765613,9184876,0
2002-09-17,76.87597213909372,77.06852177118682,76.37315307434774,76.56492362977532,8138935,0
2002-09-18,79.061184857689,79.75496707054407,78.5671519906709,79.25969377273044,1835588,0
2002-09-19,75.79411422763978,76.4016983134419,75.36076442408387,75.9673579956016,1808181,0
2002-09-20,78.75622461512934,79.41213037733574,77.89825214041673,78.55246089647733,2561065,0
2002-09-23,78.85218380883585,79.60666367781896,78.13771437443708,78.89183496938513,3239838,0
2002-09-24,78.96502826841603,78.97462786644968,78.73755354742842,78.74712665566096,3625092,0
2002-09-25,77.55821933109891,78.4218249694306,77.03546148394,77.8967851214059,6692442,0
2002-09-26,78.51664330802625,78.56710799121561,78.47594357852554,78.52640320259556,1291750,0
2002-09-27,78.10915206213411,78.90586714446482,77.68044321282264,78.47514948657535,1176440,0
2002-09-30,79.863816477872,80.44535614077637,79.63410200301827,80.21463260392534,3487166,0
2002-10-01,80.73270837203198,80.98037742947783,80.15924213224366,80.40590864459844,6972814,0
2002-10-02,80.36468323061425,80.94033321254635,80.08102924737923,80.65565222948742,2074856,0
2002-10-03,80.103131756939,80.60080646599712,79.57965678020045,80.07717019201606,6129195,0
2002-10-04,79.92285885776097,80.2611968737629,79.65587657518512,79.9939770209872,2504364,0
2002-10-07,80.37154206381092,81.08420403827155,79.7826605381646,80.49442217124471,11861562,0
2002-10-08,78.06015887439362,78.375933594263,77.43477410648886,77.7492912818134,12301937,0
2002-10-09,75.29886542966926,75.71237346966544,75.247396245351,75.66065698923775,2764035,0
2002-10-10,76.91871896385223,77.52157699444412,76.19106782238025,76.79294004834205,2306783,0
2002-10-11,77.42015038846091,77.64138491310813,76.84283046434975,77.06304452927674,3649226,0
2002-10-14,76.83338596694273,77.16589541388232,76.45487501054127,76.78718451288984,2375682,0
2002-10-15,77.15875390356463,77.68763386256684,76.29659328731738,76.82317302773295,6579563,0
2002-10-16,77.01850668226969,77.6221063148358,76.7624539146605,77.36490193488122,9745358,0
2002-10-17,76.47531579185616,76.58077855958265,76.43204173262507,76.53746933036398,6590384,0
2002-10-18,75.17300353704395,75.63549706592039,74.89191585514726,75.35373359629388,9696322,0
2002-10-21,75.83105327746603,76.54723858538722,74.94188638421802,75.65642239322808,3529125,0
2002-10-22,74.5406277861596,75.01898063462568,73.70752277509938,74.18358435304184,1849892,0
2002-10-23,74.61460824912533,75.29896011655383,74.11358671287273,74.79671576629528,7696117,0
2002-10-24,72.36864451477861,72.82621853887503,71.80037255244258,72.25724219958126,3235143,0
2002-10-25,73.52908861701515,73.89850706539718,73.38277151081877,73.75174688674728,6562605,0
2002-10-28,74.50486229745935,74.8165413668524,74.14474427787812,74.45621985948077,2577966,0
2002-10-29,74.8179309017337,75.40696593866464,74.25609328228062,74.84492560523948,1423595,0
2002-10-30,76.68364927947493,76.76138571669904,76.2460275286831,76.32339876952683,25519091,0
2002-10-31,78.95892358068592,79.17831314182541,78.65417279095445,78.87332451270726,1849207,0
2002-11-01,80.36022733310251,80.70373197093487,80.13817666937456,80.48134663144155,23292808,0
2002-11-04,77.22709686449382,77.86120220141235,76.89346118880746,77.52627402377088,19922533,0
2002-11-05,75.28652690439345,76.29067864144685,74.54844132848176,75.5500099600201,8894982,0
2002-11-06,74.40851341216323,74.66382995399965,74.35828577066044,74.61346396565382,6385569,0
2002-11-07,74.4739322422883,75.04712162192646,74.08763521519322,74.65986018474503,5311464,0
2002-11-08,75.70479895454099,75.84058662645378,75.30497993063733,75.44029317259543,11053367,0
2002-11-11,74.39835155737285,75.12051890611176,73.63110519299155,74.35283068126279,2708506,0
2002-11-12,74.65545722478336,74.74004447428936,74.55343124824752,74.63799871665194,4152563,0
2002-11-13,73.23464343949054,73.8145759180222,72.93906768449283,73.51785710981224,5829899,0
2002-11-14,72.88761459366343,73.42544135755419,72.09016253946793,72.62605932631386,3648262,0
2002-11-15,70.74740176388755,71.24585571572938,70.09277109253637,70.59011688681215,3788594,0
2002-11-18,68.99417422573228,69.58667758105851,68.70251609349162,69.29375304336564,3004512,0
2002-11-19,67.5675542700923,67.80169217533273,67.19376413981952,67.42741643358804,5153224,0
2002-11-20,66.14693359344706,66.40994198944774,65.85525299426617,66.11814693093334,10504787,0
2002-11-21,67.2356446943872,67.69648980235853,67.05795684507827,67.51805560804023,2125279,0
2002-11-22,66.21515326153715,66.37879431298781,66.07919174147602,66.2427760741937,14623416,0
2002-11-25,69.72625392609612,70.07378330277365,69.38944844001236,69.73692626505606,6841221,0
2002-11-26,70.19654793237648,70.6210829985627,70.00804650558386,70.43194943926181,9665751,0
2002-11-27,71.01446574205973,71.21860510759974,70.4961264472374,70.69936000457827,5061801,0
2002-11-28,69.73593044186681,70.19392539346417,69.03632535415466,69.49272302630348,8559666,0
2002-11-29,70.59211622191232,71.27582722075852,69.79044378375046,70.47300110825317,1081665,0
2002-12-02,69.64244170880804,70.08925615517245,69.2220540232758,69.66870990503585,9529205,0
2002-12-03,69.78405414433747,69.89944893751955,69.73033475136084,69.84568210366825,1204833,0
2002-12-04,73.53974181984178,73.59532581432816,73.37338348434311,73.42888368824738,12032438,0
2002-12-05,73.32845451170697,74.02611845541851,72.59780802666046,73.29515515253648,25118339,0
2002-12-06,74.65896882672855,75.21013806660977,74.43701458826827,74.98720800330733,2741178,0
2002-12-09,73.94936646078132,74.01744941370885,73.87204754520977,73.94012198702893,2180628,0
2002-12-10,74.12219426149827,74.56621925409887,73.45310629424222,73.89577493411788,8248585,0
2002-12-11,76.48906846518157,76.9974758716028,76.01204532417286,76.52025821609358,2458626,0
2002-12-12,75.22981738831879,76.05846131337654,74.74194839638906,75.5683966188171,11033275,0
2002-12-13,78.539429518657,78.74944554585763,78.10581357474037,78.31523008811729,1542619,0
2002-12-16,79.19440514856183,79.44361938530592,79.1824383320843,79.43161672453623,1673118,0
2002-12-17,78.35641328307173,79.30398801838592,77.60026185193682,78.5460069789463,20352379,0
2002-12-18,79.2806065111948,79.74690233638155,79.0816969828765,79.54732363335208,6601819,0
2002-12-19,80.96486050720048,81.65083506566235,80.41751676608673,81.1025604368257,10382902,0
2002-12-20,82.33012077716789,82.91189000248657,81.53899894433617,82.1192782936882,2960247,0
2002-12-23,79.56399698153453,80.04934326444679,79.06332359379122,79.54857580639131,6642529,0
2002-12-24,78.16830400365532,78.6449945125639,77.92370960049648,78.39967612891695,5509989,0
2002-12-25,78.31418927129863,78.52649610457883,77.80790078567148,78.01940847926765,5620986,0
2002-12-26,78.20680164510023,78.67421889344922,77.44541565144657,77.91106537792619,6736898,0
2002-12-27,79.17833547185784,79.864095578146,78.20277276192621,78.8860009718745,5282557,0
2002-12-30,78.96744585278744,79.92382134691188,78.21983440802977,79.17425199861815,3802376,0
2002-12-31,77.03009290648829,77.1492907461414,76.94851356696272,77.06767160858908,2614285,0
2003-01-01,78.0380473836625,78.15887260972498,77.54115557381492,77.6613976383023,8317633,0
2003-01-02,78.83139214971033,79.57614089465213,77.87481419425694,78.61754262520145,2282677,0
2003-01-03,79.12966302955918,80.09117805640945,78.54684518528387,79.50559136749196,6894032,0
2003-01-06,80.87891068187683,81.9493786044501,80.16475489496628,81.23210414110486,2328512,0
2003-01-07,82.56526147938305,82.76241690789497,82.39795731516665,82.59505237759679,5908550,0
2003-01-08,83.70296539698843,84.19479219536073,82.87200959036882,83.36183193672699,7873375,0
2003-01-09,83.28540575454825,83.86935271066463,82.6694642294172,83.25318527499392,2234069,0
2003-01-10,80.49414398541992,81.04336704289636,79.94669374508628,80.49590482687074,1309075,0
2003-01-13,80.87526654845716,81.52700579587022,80.54517278054668,81.19560456293716,1701909,0
2003-01-14,81.66883072034851,81.68140354838347,81.52843752258556,81.5409906697832,5656983,0
2003-01-15,82.25613987268306,82.73563234532229,81.51408794643392,81.99204091744734,10467180,0
2003-01-16,79.81102341492642,80.10882046512258,79.60902048622825,79.90657569214005,1230203,0
2003-01-17,78.40238817499919,78.75539825683455,77.83485600586101,78.18689582423696,7624138,0
2003-01-20,80.2124150131556,80.98051387106182,79.07702185015536,79.84156956243014,3087576,0
2003-01-21,79.55003675739758,80.10476668601862,79.23260401553802,79.7863908080224,4255502,0
2003-01-22,80.90072850605715,81.58013412385425,80.20261191469181,80.88185906663345,14215495,0
2003-01-23,80.76347460758682,81.08835287552253,80.61120266333752,80.93575611068371,3017122,0
2003-01-24,81.22920509836514,81.77543941551139,80.44737708243618,80.99201639927526,4130592,0
2003-01-27,82.5840155832429,83.39086715874612,81.71375955131579,82.51998554893085,1068884,0
2003-01-28,81.78647976280841,81.86981454313356,81.59333470008397,81.67655747718375,1425604,0
2003-01-29,82.08555955233794,82.09238902346956,81.83493223057935,81.84174141618291,2496018,0
2003-01-30,81.00889636522953,81.44486370712599,80.65765573008831,81.09325729749874,1141237,0
2003-01-31,80.73039093810539,80.80516785268105,80.32220452980091,80.39667233590927,5989881,0
2003-02-03,79.93397637479931,80.53218974406221,79.30956795362353,79.90758380502476,3779100,0
2003-02-04,79.99601638205083,81.0046915216318,79.26441388309671,80.2705780228602,4971971,0
2003-02-05,79.66577593008778,80.01154210569551,79.16492636183821,79.510016508891,1959721,0
2003-02-06,81.75392292848119,81.96542984501596,81.30398285386907,81.51487131605172,2754401,0
2003-02-07,79.91783788794893,80.41234986954406,79.57067214768537,80.06454682080687,6450609,0
2003-02-10,80.05825114781213,80.63743081874986,79.19619908142413,79.77331740542019,17805470,0
2003-02-11,79.40089557457563,79.40808465995721,79.07255862596399,79.07971863146619,1258660,0
2003-02-12,81.19461212417721,81.85583369638591,80.71600724376462,81.37615868254228,12053874,0
2003-02-13,82.09925107297502,82.60275895316039,81.20310872558915,81.70419375207489,5300511,0
2003-02-14,83.09884355365446,83.9303070299344,82.56893199500637,83.39848469494542,5149642,0
2003-02-17,80.68779925751554,81.12482080259767,80.49251696746171,80.9289548627321,4468522,0
2003-02-18,81.11234573099443,81.95030936582735,80.5331608173064,81.36928973647065,1359596,0
2003-02-19,83.15152194687734,83.22751535869207,82.74950400420347,82.82519918479571,1470876,0
2003-02-20,83.09780166038922,83.2633909293544,82.8044512900899,82.96978546074331,5592866,0
2003-02-21,84.45130782464015,85.48975796103944,83.71027289447096,84.74613600192548,3084844,0
2003-02-24,83.82779123699896,84.4974717403092,83.20853593638851,83.87784666863705,13460748,0
2003-02-25,86.34994014049295,86.36180941815373,86.23863941473991,86.25049502311836,3609353,0
2003-02-26,89.84892364096262,90.44883893636464,89.62576024444068,90.22474209601825,1773229,0
2003-02-27,89.92158911089246,90.11438682755667,89.38696102405036,89.57902425946467,7271400,0
2003-02-28,89.05939759700158,89.30057608140586,88.54938006411108,88.78982853844637,2736123,0
2003-03-03,91.38438062182338,91.61061158456246,91.15340350775625,91.37962269177463,4727155,0
2003-03-04,94.71596108939268,94.7751834713391,94.21662776316485,94.27557478786999,6983873,0
2003-03-05,93.22241545131168,93.7273313258019,92.7945800162554,93.29914375347926,12526148,0
2003-03-06,92.97233249021593,93.65357189266125,91.84645492182487,92.52441226282373,8855684,0
2003-03-07,92.16673252578224,92.72593733165162,91.45395823433988,92.01222559765945,6640633,0
2003-03-10,89.66790364708687,90.27125356655395,88.9447706724624,89.54730914569572,6691443,0
2003-03-11,87.61734526197803,87.98234674020291,87.54624450604267,87.91100767962797,15586883,0
2003-03-12,86.48334542722736,87.30622642481754,85.33454810300799,86.15429824724856,2753635,0
2003-03-13,84.77841476892243,85.55130837431165,84.06755468422345,84.83993246872345,1005563,0
2003-03-14,84.50317237205353,85.47219575625147,83.82284551246443,84.78956319189872,2586959,0
2003-03-17,84.77998634285005,85.89636432068156,84.08226078533177,85.19522144551549,2228808,0
2003-03-18,87.89813839048297,88.71797356370408,87.02630005671777,87.84564562439355,6421100,0
2003-03-19,86.12400027028255,86.59273355752934,85.63180419227025,86.10040908354758,6021671,0
2003-03-20,87.99663166918911,88.17287309875172,87.62817466428444,87.80403034803459,5500381,0
2003-03-21,87.7782591389686,88.31966105259608,86.89773182898867,87.43702909161904,1081884,0
2003-03-24,86.9918462456736,88.0082494746943,86.34559991891443,87.35927359813103,7524089,0
2003-03-25,88.75202763834504,89.40694428724277,87.89364029692756,88.54704433840152,2954338,0
2003-03-26,86.29702465525276,87.01903074467253,85.84702966230289,86.56762471037582,6468959,0
2003-03-27,87.55083535479163,87.61077153544137,87.17864527152601,87.23836754071189,5066171,0
2003-03-28,87.81681201678224,88.14271156829338,87.21264872372136,87.53751175582703,3098308,0
2003-03-31,88.4444897893961,89.25885711840264,87.59438941978857,88.40842467324832,1722680,0
2003-04-01,89.11553030374401,89.63636504902878,88.40882237606586,88.92856440117144,1495892,0
2003-04-02,93.13116410740767,93.80667089125947,92.6298093018916,93.30438358993699,9904641,0
2003-04-03,92.09707412623332,92.37131293696794,91.84946790580177,92.12363530587147,13529479,0
2003-04-04,91.4476867795806,91.78462479380866,90.81864250106933,91.15450027277974,6246083,0
2003-04-07,89.99090190214287,90.83363282414868,89.18517188136836,90.0275744570877,1545917,0
2003-04-08,88.9098007380033,89.62980684567185,88.31724977045477,89.03641206044524,3571050,0
2003-04-09,87.90521458834722,88.60249676009221,87.21306033283977,87.91030244347355,7527060,0
2003-04-10,90.30508546697374,90.71538248959027,89.60067489882312,90.009629530917,8566569,0
2003-04-11,92.42325422825415,93.15926819527262,91.84075923834968,92.57581171604329,1629055,0
2003-04-14,91.22972272499804,91.75566462101611,91.00312304744727,91.52832326865928,1000153,0
2003-04-15,90.2046357648981,90.84099413731934,89.3787818437672,90.01379390159506,7226353,0
2003-04-16,91.1676945403178,91.55752881807878,90.48290570373743,90.87147333567665,3204913,0
2003-04-17,89.51799926008736,90.27468039062762,89.12184136940995,89.87693405013573,2468375,0
2003-04-18,90.78686511420251,91.61467799114277,90.1973657312325,91.02364116839364,1064906,0
2003-04-21,91.07491404467228,92.2579400830589,90.22219727345254,91.40215937720598,4885899,0
2003-04-22,88.50566846671114,88.69718940581498,88.44901922178406,88.64045388966292,10524105,0
2003-04-23,91.34737359857093,92.1465047223868,90.59399231232261,91.3927492039021,16806767,0
2003-04-24,94.9200923885814,95.19762270711325,94.40765097032697,94.68449243438462,5170616,0
2003-04-25,93.67490283144872,94.09074394910746,93.11831562863479,93.53352916106716,4612481,0
2003-04-28,92.92986362971413,92.95022765626149,92.79728118037642,92.817620610742,1444464,0
2003-04-29,93.2197501189498,93.63861858112422,92.93911571744977,93.35756928044398,4980029,0
2003-04-30,94.3123177855244,94.78636096036306,93.51895642231136,93.9913864962226,3390010,0
2003-05-01,95.21138968135229,95.29223680569983,95.15790365744132,95.23873542002555,5671449,0
2003-05-02,99.55193003603358,100.04082531295907,98.59068193354169,99.07724605772161,3461052,0
2003-05-05,98.86897218815714,99.78559693795663,97.82112808543883,98.73652490237419,2374152,0
2003-05-06,96.80681817625147,97.27238720498211,96.70479035522774,97.16997663956707,1498909,0
2003-05-07,94.66561154906296,95.38927403922575,93.77673549251553,94.49912529393748,2891086,0
2003-05-08,92.9642546066605,93.50864511329813,92.58340696555025,93.1271302179554,1508197,0
2003-05-09,93.24816609123017,93.85910356473592,92.4649412847112,93.0747425326463,1973369,0
2003-05-12,96.00963838356608,96.6755423543172,95.75978616689876,96.42461022903665,22845022,0
2003-05-13,95.12576304235894,95.58825643966011,94.97404481062294,95.43604333486539,3935866,0
2003-05-14,96.21379071412578,96.36817787799511,95.71889577417451,95.87273567220748,4795065,0
2003-05-15,95.58933211968738,95.91839990323781,95.52194933964893,95.85083278629159,11342251,0
2003-05-16,98.46935496816053,98.65216008099642,97.95639651426552,98.13858756832273,28095537,0
2003-05-19,102.88060857346014,103.79305761568179,102.19725562792058,103.10819301019622,5369922,0
2003-05-20,102.16953893623246,103.07035816919702,101.12423146981163,102.02376543147015,9369184,0
2003-05-21,101.23143928354918,102.05559043265018,100.21272455499485,101.03527871048553,2979611,0
2003-05-22,103.16837799462272,103.87521994920488,102.44857142622595,103.15532394302176,2824572,0
2003-05-23,104.36886282205054,104.68793553535987,104.25360634201519,104.57245422554388,3576710,0
2003-05-26,108.13358241926626,108.7588157380684,107.82087367367966,108.44520581673659,6581447,0
2003-05-27,109.21033811024238,110.06246253802908,108.87199697421393,109.72253458211561,6731534,0
2003-05-28,108.73146735145059,109.21737379881856,108.45968549588558,108.94505805844454,2893430,0
2003-05-29,110.41178221027191,110.98040913764117,109.6751737263034,110.24293106069587,1714792,0
2003-05-30,113.19245291381755,113.79865941355337,112.09492893930435,112.69849000182089,6003748,0
2003-06-02,114.98435042983336,115.39471345015905,114.1502565407138,114.55910190870794,1686698,0
2003-06-03,116.0407392229251,116.45127877801342,115.32336481494887,115.73281496740405,5319588,0
2003-06-04,118.55435687385543,119.53664563429531,117.2339100145865,118.21337353851348,6911417,0
2003-06-05,121.18933718079737,122.14587595209142,120.03475917793595,120.98972240407315,7030066,0
2003-06-06,124.04828745726952,124.72909494836455,123.6664719992047,124.34636202919205,8001400,0
2003-06-09,126.4850430505271,127.64084875715093,124.82097254641556,125.97209095607772,11312309,0
2003-06-10,125.77802159700961,126.97645347487457,124.36725463006094,125.56364388489173,4465325,0
2003-06-11,126.02076008491252,126.43252351989955,125.53312363790931,125.94463835080728,7551283,0
2003-06-12,128.49449033424818,129.45349459225227,128.03907380267913,128.99629952372038,5827046,0
2003-06-13,126.8343782397478,127.54322324036471,126.19306030508724,126.90156558354714,2032906,0
2003-06-16,127.7992782073344,129.05318272551278,126.59653260185736,127.84996014180226,1130126,0
2003-06-17,127.31945248657371,128.43517759088394,125.74530575679121,126.8569781082509,2674157,0
2003-06-18,127.00180989403405,127.13207306288665,126.81239100180156,126.9425934335371,3926252,0
2003-06-19,130.04536780727048,130.7124272923191,129.53463966769093,130.20108759326658,5799984,0
2003-06-20,131.33496780822344,132.06173768214128,129.98841275526271,130.71173383191092,10484244,0
2003-06-23,130.3368437246847,131.50453076627832,129.68107674020706,130.84620103974729,2092308,0
2003-06-24,127.2020491090178,127.54743439648702,126.95545131413647,127.30064545969539,1670799,0
2003-06-25,128.62158149243854,130.32305262924262,127.51695777923976,129.21334673687866,17549468,0
2003-06-26,131.20839248884653,132.09659560831807,130.0082941144556,130.8943714977714,1571695,0
2003-06-27,137.14158801508827,138.29070886647145,135.42628163467535,136.57061828285427,4255144,0
2003-06-30,135.44502080698052,136.9093236682634,134.2818673501327,135.74360606785183,5404180,0
2003-07-01,136.84075210811156,137.86480788671284,135.3317462806467,136.3521455434197,4897605,0
2003-07-02,136.76110445014805,137.6477807137763,136.1604351810168,137.04586076472373,1449799,0
2003-07-03,141.96399434129407,142.8307509020351,140.52002345307275,141.38323420162664,1293587,0
2003-07-04,141.48631983704544,141.713214948456,140.9015883696133,141.12790871357012,1557359,0
2003-07-07,142.36232888834658,143.32134619311347,140.97347390808514,141.92957599280223,5404469,0
2003-07-08,142.97686203307066,143.92687079518097,142.72057135292252,143.66933882783297,4930095,0
2003-07-09,144.8873706102705,145.89281592532143,143.21909250181378,144.21990594857806,2331173,0
2003-07-10,143.27065421830187,143.59960100528727,142.61843281478008,142.94663566111768,6077436,0
2003-07-11,143.2356074871092,143.6845252676731,143.06723216823005,143.51582055468984,9575867,0
2003-07-14,147.09476653027485,147.33789136516137,146.36950834392331,146.61183496783914,1212340,0
2003-07-15,143.30273868733067,143.61937135303407,143.29988390300338,143.61651031795162,4447070,0
2003-07-16,144.54961803985162,145.58855341216,142.97772769782523,144.0128047805652,6844804,0
2003-07-17,141.46050159870748,143.0507665175748,140.4244434009953,142.01067881615037,2453847,0
2003-07-18,145.7152657929844,146.46560229246722,144.67025626792724,145.41906754384337,2839191,0
2003-07-21,141.06098738047183,141.28860734090534,140.77607370256084,141.00360106282477,5754901,0
2003-07-22,138.87890316633752,139.55801098221434,138.76286381885478,139.44150155937146,12410741,0
2003-07-23,140.14476717781946,140.53430313309644,140.1179589323424,140.50742551482784,9301667,0
2003-07-24,144.2142031520707,145.16103491184842,143.97517073942123,144.92083127596567,5374906,0
2003-07-25,144.6995449784249,146.03421834146667,143.41048107288918,144.74475170926706,7550774,0
2003-07-28,142.86748911382182,143.4977466073813,142.5224114927978,143.15198183163182,3269253,0
2003-07-29,148.69823641467008,149.22503163036492,148.0258467000506,148.55212428235507,6121684,0
2003-07-30,143.97235406640362,144.41684520168303,143.82068569249319,144.26486867683906,4138497,0
2003-07-31,137.65910436631697,138.24180036933828,137.35300378574337,137.93508611215378,2053210,0
2003-08-01,139.5011825808313,140.22550699731994,138.4401810596938,139.16274824193894,7048919,0
2003-08-04,137.15675387804353,138.61667711586102,136.32318002630282,137.77931960421546,5064888,0
2003-08-05,135.5228259268954,135.85533431653047,134.64782817640287,134.97900228214056,3220678,0
2003-08-06,137.38703114251268,137.46634764208653,136.8257270357189,136.90476511270055,13114686,0
2003-08-07,137.8168809384282,138.35579024210364,137.04799867470854,137.58600517827492,1105781,0
2003-08-08,136.17440295822752,136.4933280002945,135.72894925857145,136.0475772706028,2897328,0
2003-08-11,133.0976407810688,133.38986187312997,132.28645661500656,132.57753579616843,1292816,0
2003-08-12,134.47965573010634,136.19905323898743,133.18883553753594,134.90415840316186,8273450,0
2003-08-13,136.09651463518975,137.51425553841483,135.2577511541651,136.67194567310733,7055112,0
2003-08-14,136.0591757465427,137.17418476706052,135.30149152685257,136.41452170234385,3012489,0
2003-08-15,141.8830542717202,142.4729686875005,140.87814344591217,141.466325205988,6629859,0
2003-08-18,137.8085903575531,139.04673831339102,137.21746821823442,138.45285264748722,3520385,0
2003-08-19,134.3535936077793,135.08031891844004,133.516307668418,134.24243169875044,8058138,0
2003-08-20,133.05413779732373,133.98076647243917,131.4761270638984,132.39818750566337,4027363,0
2003-08-21,132.76127011920246,133.69344819458584,131.3618430991225,132.2907172055925,3657520,0
2003-08-22,132.97628884972576,133.20460103637353,132.7195140487949,132.94777728281932,14646107,0
2003-08-25,131.7422473457478,132.9813834803692,131.0833875668994,132.31963610669823,2444274,0
2003-08-26,133.70614831532882,134.2569616168721,132.71555082886755,133.26454490943232,1641709,0
2003-08-27,130.07076953414722,131.20307065817607,128.8109732304463,129.9421547279042,5391882,0
2003-08-28,133.19240405057286,134.55151959529022,132.3514020097719,133.7072666148402,18421016,0
2003-08-29,132.95874875534525,134.21185115549505,132.25073801156722,133.5009531512605,3372783,0
2003-09-01,137.05663480190393,137.21479081521605,136.33999360915058,136.49750441595452,1320222,0
2003-09-02,137.67933756452618,138.51317579858645,136.61434749529278,137.4467772560091,3072316,0
2003-09-03,139.1728809223987,139.33599697448744,138.5535263978938,138.71610709321462,4525407,0
2003-09-04,140.84244462045783,141.31737460490555,139.83755978973738,140.31069668518194,1883226,0
2003-09-05,141.68270983525255,141.8850922017834,141.3788565380853,141.58109375420943,6366217,0
2003-09-08,143.44022041024837,144.43293237494137,142.42266088715812,143.41519969004025,31482767,0
2003-09-09,147.13951467956545,147.54564436462337,146.8360363202506,147.24195472055854,4005023,0
2003-09-10,147.5647843913779,148.41470901962052,146.9865379522156,147.8354021394469,3190421,0
2003-09-11,149.84843172271323,151.28953579752056,148.50627711511558,149.94650279209037,3559999,0
2003-09-12,150.10236336413882,150.40904708436082,149.38654030163153,149.6923863716898,1611664,0
2003-09-15,154.17582855657912,154.95874122138983,153.236731757186,154.01884726303865,11739612,0
2003-09-16,152.5471478044366,153.18673476509764,151.31361964579213,151.9507058945497,3679227,0
2003-09-17,157.34984243592612,157.46751867238436,157.32132428589765,157.43898436623584,3449190,0
2003-09-18,157.49676191736233,158.7453302760767,156.08104702293133,157.32827972539897,6389495,0
2003-09-19,153.04267791396353,153.14834761797735,152.73645370990374,152.8419848435682,3917281,0
2003-09-22,153.3893885621786,154.11684543908058,152.52207327219523,153.24886370289636,6223937,0
2003-09-23,151.48311595148255,152.3324489031197,150.32916534006884,151.17678073664666,1317075,0
2003-09-24,153.32996110583477,154.69971682825062,152.36639506432886,153.73361412438322,9402611,0
2003-09-25,151.7611437163783,152.80621895300868,150.6974365839215,151.74238262574778,15109227,0
2003-09-26,149.80819853617336,150.7843885424063,149.42877574102835,150.4034581191274,6231504,0
2003-09-29,144.5674771593444,144.74907200651768,144.55305109367794,144.73462926111628,16457464,0
2003-09-30,143.4221246415122,144.47752122619647,142.38454637037842,143.4398149754629,1821027,0
2003-10-01,136.70832985499706,137.4406170457232,135.76936874800472,136.50054291427028,4244849,0
2003-10-02,132.7856786058123,133.89592317195937,131.0848560578865,132.19012106197678,5604088,0
2003-10-03,134.3488137300009,135.45233925167426,133.11131025485952,134.21372618314328,5358220,0
2003-10-06,136.66855820224737,137.82111991670533,135.18668993562574,136.33645090231826,3566324,0
2003-10-07,137.51880849751922,138.1859048940082,136.8431374286239,137.51019202707482,3063086,0
2003-10-08,135.0454203576597,135.49597022725013,134.4146150705008,134.86456154373155,1678090,0
2003-10-09,134.1711904993106,135.81597616227816,133.10914743539882,134.74935657735102,3485784,0
2003-10-10,134.4221577020485,135.36125562646154,133.81551841773225,134.7531227165188,1887630,0
2003-10-13,131.4628697201397,131.88622483590862,131.2217113444701,131.64473284652553,7628173,0
2003-10-14,135.5788832127487,136.77566983816916,134.4197189852681,135.61618667577133,2171217,0
2003-10-15,137.38239124128205,139.22745479157865,136.16990937843607,138.00943885805876,1301751,0
2003-10-16,136.9186820693483,138.0541087657103,136.2802168968804,137.41333696918522,5018898,0
2003-10-17,137.19408527326254,137.60505561759385,137.09022972482552,137.50096775995124,5522178,0
2003-10-20,138.73890361130645,139.27696927637578,137.55223419494317,138.0877746118737,11275230,0
2003-10-21,132.2394084077084,133.52719947315782,131.1768149605019,132.46281090277134,5301698,0
2003-10-22,131.79754726978697,133.00995050104248,130.60903121824708,131.82122096625625,3119272,0
2003-10-23,129.6412195598503,130.30099179909806,129.37743501500452,130.0364031633364,9123059,0
2003-10-24,127.58564860469154,127.67109732198799,127.35911137329431,127.44446553518952,4885676,0
2003-10-27,126.46275278602023,127.85267670004795,125.35323125140782,126.74071644997032,1412998,0
2003-10-28,130.92544348083536,131.8215204622996,130.41561333754098,131.31019208892266,5171832,0
2003-10-29,133.02834973345142,133.7490454037166,132.28573084052698,133.00630709236728,12930841,0
2003-10-30,130.8499386997613,132.77320803540684,129.58322517811956,131.50019956068135,3523494,0
2003-10-31,132.36434299633422,133.10778847913315,132.27623503156326,133.0192445809043,2757199,0
